pivot_ID	Item_Name	Location	in_evidence	in_evidence_description	storytelling_path	storytelling_path_description	Type	Dispute	Note	Date	Year	Period_categorisation	Alpinist	Guide	Nationality	Expedition_members	Fonti_relazionate_membri	Fonti_primarie	Altri_riferimenti	Fonti	source
item_1	Prima ascensione: Croda dei Baranci	Croda dei Baranci	FALSE		Silver age of alpinism, Prime Ascensioni sulle Dolomiti		Prima ascensione		Quando Santo Siorpaes raggiunse la vetta era convinto di essere il primo. In realtà era già stata salita da Michl Innekofler, con Paul Grohmann, che però l’aveva registrata con un nome diverso. Le diatribe del tempo non coinvolsero i due grandi arrampicatori dolomitici.	01/07/1875	1875	silver age	Paul Grohmann, Michl Innerkofler		Austro-German alpine expedition	Paul Grohmann, Michl Innerkofler	Grohmann, Paul <1838-1908> - Ascensioni alpinistiche - Dolomiti - Sec. 19. Wanderungen in den Dolomiten[https://caisidoc.cai.it/risultati-della-ricerca/detail/view/mnmt:catalog:12002]|Grohmann, Paul <1838-1908> - La scoperta delle Dolomiti 1862[https://caisidoc.cai.it/risultati-della-ricerca/detail/view/mnmt:catalog:10882]|Sposito, Livio. Paul Grohmann : guida biografica alle sue vie[https://caisidoc.cai.it/risultati-della-ricerca/detail/view/mnmt:catalog:127829]|[Ritratto di] Paul Grohmann[https://caisidoc.cai.it/risultati-della-ricerca/detail/view/mnmt:catalog:110671]|Michl : Michl Innerkofler und Sextner Bergfuhrer : rifugi montagne guide alpine di Sesto / a cura di Bepi Pellegrinon ; testi di Camillo Berti, Rudolf Holzer, Bepi Pellegrinon ; con la collaborazione di Herbert Summerer e Kurt Stauder[https://caisidoc.cai.it/risultati-della-ricerca/detail/view/mnmt:catalog:40218]|Michel Innerkofler : guida alpina di Sesto / C. Berti[https://caisidoc.cai.it/risultati-della-ricerca/detail/view/mnmt:catalog:114913]				Articolo Wikipedia[https://www.montagna.tv/254868/croda-dei-baranci-una-montagna-per-due/]
item_1b	Prima ascensione: Croda dei Baranci	Croda dei Baranci	FALSE		Silver age of alpinism, Prime Ascensioni sulle Dolomiti		Prima ascensione		La montagna fu salita per la prima volta il 17 luglio 1880 da Ludwig Grünwald e Santo Siorpaes.	17/07/1880	1880	silver age	Ludwig Grünwald, Santo Siorpaes		Austro-German alpine expedition	Ludwig Grünwald, Santo Siorpaes					Articolo Wikipedia[https://it.wikipedia.org/wiki/Croda_dei_Baranci]
item_2	Prima ascensione: Becca di Montandayné	Becca di Montandayné	FALSE		Silver age of alpinism		Prima ascensione		La montagna fu salita per la prima volta il 22 agosto 1875 da Luigi Vaccarone, Antonio Gramaglia, Michele Ricchiardi, Antonio Castagneri, Domenico Castagneri	22/08/1875	1875	silver age	Luigi Vaccarone, Antonio Gramaglia, Michele Ricchiardi, Antonio Castagneri, Domenico Castagneri		Italian alpine expedition	Luigi Vaccarone, Antonio Gramaglia, Michele Ricchiardi, Antonio Castagneri, Domenico Castagneri		<iframe src="https://caisidoc.cai.it:443/opac/detail/badge/mnmt:catalog:108881?height=250&showabstract=0&coversize=normal" frameborder="0" width="600" height="250"></iframe>			Articolo Wikipedia [https://it.wikipedia.org/wiki/Becca_di_Montandayn%C3%A9], Articolo SummitPost [https://www.summitpost.org/view_object.php?object_id=152353&context_id=176245]
item_3	Prima ascensione: Cima dei Preti	Cima dei Preti	FALSE		Silver age of alpinism		Prima ascensione		La prima ascesa è stata effettuata il 23 settembre 1874 dall'alpinista Maurice Holzmann con la guida ampezzana Santo Siorpaes.	23/09/1874	1874	silver age	Santo Siorpaes, Maurice Holzmann		Austro-German alpine expedition	Santo Siorpaes, Maurice Holzmann					Articolo Wikipedia[https://it.wikipedia.org/wiki/Cima_dei_Preti], Leggi anche[https://rampegoni.wordpress.com/2016/11/05/le-potenti-creste-della-cima-dei-preti/]
item_4	Prima ascensione: Cimon del Froppa	Cimon del Froppa	FALSE		Silver age of alpinism, Prime Ascensioni sulle Dolomiti		Prima ascensione		La vetta fu conquistata il 19 agosto 1872 dal barone W. E. Utterson Kelso con la sua guida alpina Santo Siorpaes di Cortina d'Ampezzo. La prima ascensione femminile, avvenuta il 13 agosto 1888, si deve a Irene Pigatti.	19/08/1872	1872	silver age	William Edward Utterson-Kelso, Alberto De Falkner	Santo Siorpaes, Luigi Orsolina, Peter Salcher	British alpine expedition	William Edward Utterson-Kelso, Alberto De Falkner, Santo Siorpaes, Luigi Orsolina, Peter Salcher					Articolo Wikipedia[https://it.wikipedia.org/wiki/Cimon_del_Froppa]
item_5	Prima ascensione: Creta Forata	Creta Forata	FALSE				Prima ascensione		La montagna fu salita per la prima volta il 26 settembre 1878 da Santo Siorpaes e Maurice Holzmann	26/09/1878	1878	silver age	Santo Siorpaes, Maurice Holzmann		Austro-German alpine expedition	Santo Siorpaes, Maurice Holzmann					Articolo Wikipedia[https://it.wikipedia.org/wiki/Creta_Forata]
item_6	Prima ascensione: Croda Rossa d'Ampezzo	Croda Rossa d'Ampezzo	FALSE		Silver age of alpinism, Prime Ascensioni sulle Dolomiti		Prima ascensione		La conquista della vetta più alta ebbe luogo il 20 giugno 1870 ad opera di Whitwell, accompagnato dalle guide Siorpaes e Christian Lauener, risalendo il canalone ovest. Nel 1865 sfortunatamente era fallito invece, ad un passo dalla cima, il tentativo di Grohmann di conquistare con due guide la vetta lungo la parete nord-ovest. 	20/06/1870	1870	silver age	Edward Robson Whitwell, Christian Lauener, Santo Siorpaes		British alpine expedition	Edward Robson Whitwell, Christian Lauener, Santo Siorpaes					Articolo Wikipedia[https://it.wikipedia.org/wiki/Croda_Rossa_d%27Ampezzo], Leggi anche[https://www.dolomitiunesco.info/attivita/croda-rossa-anniversario-ascesa-2]
item_7	Prima ascensione: Gran Zebrù	Gran Zebrù	FALSE		Golden age of alpinism		Prima ascensione		La letteratura alpinistica assegna alla cordata composta dall'alpinista-esploratore inglese Tuckett, dai fratelli Buxton, anch'essi britannici, e dalle guide tirolesi Biener e Michel il privilegio della prima assoluta, il 3 agosto 1864. Il gruppo seguì la via della cresta est, senza l'uso di ramponi.	03/08/1864	1864	golden age	Francis Fox Tuckett, Thomas Fowell Buxton, Edward North Buxton	guide tirolesi Michel e Biener	British alpine expedition	Francis Fox Tuckett, Thomas Fowell Buxton, Edward North Buxton, guide tirolesi Michel e Biener					Articolo Wikipedia[https://it.wikipedia.org/wiki/Gran_Zebr%C3%B9]
item_8	Prima ascensione: Monte Duranno	Monte Duranno	FALSE		Silver age of alpinism		Prima ascensione		La montagna fu salita per la prima volta il 22 luglio 1874 da Santo Siorpaes e William Edward Utterson-Kelso	22/07/1874	1874	silver age	Théodore Hare		Franco-Swiss alpine expedition	Théodore Hare					Articolo Wikipedia[https://it.wikipedia.org/wiki/Monte_Duranno]
item_9	Prima ascensione: Monte Popera	Monte Popera	FALSE		Silver age of alpinism, Prime Ascensioni sulle Dolomiti		Prima ascensione		Fu conquistata per la prima volta nel settembre 1874 da Santo Siorpaes con Maurice Holzmann tramite il catino della Busa di Dentro lungo quella che oggi è la via normale alla montagna.	01/09/1874	1874	silver age	Santo Siorpaes, Maurice Holzmann		Austro-German alpine expedition	Santo Siorpaes, Maurice Holzmann					Articolo Wikipedia[Articolo Wikipedia[https://it.wikipedia.org/wiki/Monte_Duranno]]
item_10	Prima ascensione: Monte Siera	Monte Siera	FALSE				Prima ascensione		 La prima ascensione alla cima del monte avvenne il 23 settembre 1880 ad opera di M. Hltzmann con la guida ampezzana Santo Siorpaes	23/09/1878	1878	silver age	Santo Siorpaes, Maurice Holzmann		Austro-German alpine expedition	Santo Siorpaes, Maurice Holzmann	Santo Siorpaes, Maurice Holzmann				Articolo Wikipedia[https://it.wikipedia.org/wiki/Monte_Siera]
item_11	Prima ascensione: Monte Terza Grande	Monte Terza Grande	FALSE				Prima ascensione		Fu salita per la prima volta il 25 settembre 1878 da Santo Siorpaes e Maurice Holzmann	25/09/1878	1878	silver age	Santo Siorpaes, Maurice Holzmann		Austro-German alpine expedition	Santo Siorpaes, Maurice Holzmann					Articolo Wikipedia[https://it.wikipedia.org/wiki/Monte_Terza_Grande]
item_12	Prima ascensione: Zinalrothorn	Zinalrothorn	FALSE		Golden age of alpinism		Prima ascensione		La prima ascensione alla vetta fu realizzata da Leslie Stephen e Florence Crauford Grove con le guide Jakob Anderegg e Melchior Anderegg da Zinal lungo la cresta nord il 22 agosto 1864.	22/08/1864	1864	golden age	Leslie Stephen, Florence Crauford Grove	Jakob Anderegg, Melchior Anderegg	British alpine expedition	Leslie Stephen, Florence Crauford Grove, Jakob Anderegg, Melchior Anderegg				Studer, Vol 2, pp. 257-9	Articolo Wikipedia[https://it.wikipedia.org/wiki/Zinalrothorn], Lista delle prime ascese[https://en.wikipedia.org/wiki/List_of_first_ascents_of_mountain_summits]
item_13	Prima ascensione: Ago di Sciora	Ago di Sciora	FALSE				Prima ascensione		La prima salita fu compiuta il 4 giugno 1893 dal russo Anton von Rydzewski con le guide Christian Klucker, engadinese di Fex, ed Emilio Rey, di Courmayeur. I tre salirono dal versante dell'Albigna e dalla parete sud della cuspide sommitale.	04/06/1893	1893	post	Anton von Rydzewski	C. Klucker, Émile Rey	International / mixed expedition	Anton von Rydzewski, C. Klucker, Émile Rey					Articolo Wikipedia[https://it.wikipedia.org/wiki/Ago_di_Sciora]
item_14	Prima ascensione: Aiguille d'Argentière	Aiguille d'Argentière	FALSE		Golden age of alpinism		Prima ascensione			15/07/1864	1864	golden age	Edward Whymper, Anthony Adams Reilly	Michel Croz, Michel-Clément Payot, Henri Charlet	British alpine expedition	Edward Whymper, Anthony Adams Reilly, Michel Croz, Michel-Clément Payot, Henri Charlet					Wikipedia
item_15	Prima ascensione: Aiguille de la Bérangère	Aiguille de la Bérangère	FALSE		Golden age of alpinism		Prima ascensione			01/08/1858	1858	golden age	Théodore Hare	Delphin Fournereaux	Franco-Swiss alpine expedition	Théodore Hare, Delphin Fournereaux				Renato Chabod, Lorenzo Grivel, Silvio Saglio, Monte Bianco, vol. I, Guida dei Monti d'Italia, Milano, Club Alpino Italiano e Touring Club Italiano, 1963.	Wikipedia
item_16	Prima ascensione: Aiguille de Rochefort	Aiguille de Rochefort	FALSE		Silver age of alpinism		Prima ascensione			14/08/1873	1873	silver age	James Eccles	Alphons Payot, Michel-Clément Payot	British alpine expedition	James Eccles, Alphons Payot, Michel-Clément Payot				Renato Chabod, Lorenzo Grivel, Silvio Saglio e Gino Buscaini, Monte Bianco, vol. II, Guida dei Monti d'Italia, Milano, Club Alpino Italiano e Touring Club Italiano, 1968.	Wikipedia
item_17	Prima ascensione: Aiguille Verte	Aiguille Verte	FALSE		Silver age of alpinism		Prima ascensione			29/06/1865	1865	golden age	Edward Whymper, Christian Almer, Franz Biner		British alpine expedition	Edward Whymper, Christian Almer, Franz Biner					Wikipedia, Wikipedia Table
item_18	Prima ascensione documentata: Ankogel	Ankogel	FALSE				Prima ascensione documentata	Conflicting Hypotheses		1762	1762	proto-alpinism	Farmer Patschg		Local guide-led ascent	Farmer Patschg				Erschliessung 3, 247-8	Wikipedia Table
item_19	Ipotesi sulla prima ascensione: Ankogel	Ankogel	FALSE				Ipotesi sulla prima ascensione	Conflicting Hypotheses		1742	1742	proto-alpinism			Local guide-led ascent						Wikipedia
item_20	Prima ascensione: Bietschhorn	Bietschhorn	FALSE		Golden age of alpinism		Prima ascensione			13/08/1859	1859	golden age	Johann Siegen, Joseph Aebener, Leslie Stephen      		British alpine expedition	Johann Siegen, Joseph Aebener, Leslie Stephen      				Stephen misspelled his guides as "Zügler" and "Appener"; Studer, Vol 1, pp. 212-6	Wikipedia, Wikipedia Table
item_21	Prima ascensione: Bifertenstock	Bifertenstock	FALSE		Golden age of alpinism		Prima ascensione			07/09/1863	1863	golden age			Local guide-led ascent						Wikipedia
item_22	Prima ascensione: Bric Bucie	Bric Bucie	FALSE		Silver age of alpinism		Prima ascensione			1876	1876	silver age			Local guide-led ascent						Wikipedia
item_23	Prima ascensione: Campo Tencia	Campo Tencia	FALSE		Silver age of alpinism		Prima ascensione			1867	1867	silver age	Gottlieb Samuel Studer, Wilhelm Lindt, F. Aebi	Peter Sulzere, Caveng	Franco-Swiss alpine expedition	Gottlieb Samuel Studer, Wilhelm Lindt, F. Aebi, Peter Sulzere, Caveng					Wikipedia
item_24	Prima ascensione: Cima di Nasta	Cima di Nasta	FALSE				Prima ascensione			1878	1878	silver age	Douglas William Freshfield		British alpine expedition	Douglas William Freshfield					Wikipedia
item_25	Prima ascensione: Cima Piazzi	Cima Piazzi	FALSE		Silver age of alpinism		Prima ascensione			21/08/1867	1867	silver age	Johann Jacob Weilenmann, Franz Pöll, Santo Romani		Austro-German alpine expedition	Johann Jacob Weilenmann, Franz Pöll, Santo Romani					Wikipedia
item_26	Prima ascensione: Crast' Agüzza	Crast' Agüzza	FALSE		Silver age of alpinism		Prima ascensione		per la cresta ovest	17/07/1865	1865	golden age	Johann Jacob Weilenmann, Josef Anton Specht, Franz Pöll e Jakob Pfitschner		Austro-German alpine expedition	Johann Jacob Weilenmann, Josef Anton Specht, Franz Pöll e Jakob Pfitschner					Wikipedia
item_27	Prima ascensione: Fluchthorn (Alpi Retiche occidentali)	Fluchthorn (Alpi Retiche occidentali)	FALSE		Golden age of alpinism		Prima ascensione			1862	1862	golden age	Johann Jakob Weilenmann, Franz Pöll		Austro-German alpine expedition	Johann Jakob Weilenmann, Franz Pöll					Wikipedia
item_28	Prima ascensione: Grand Cornier	Grand Cornier	FALSE		Silver age of alpinism		Prima ascensione			16/06/1865	1865	golden age	Edward Whymper, Christian Almer, Michel Croz, Franz Biner		British alpine expedition	Edward Whymper, Christian Almer, Michel Croz, Franz Biner					Wikipedia
item_29	Prima ascensione: La Ruinette	La Ruinette	FALSE		Silver age of alpinism		Prima ascensione			06/07/1865	1865	golden age	Edward Whymper	Christian Almer, Franz Biner	British alpine expedition	Edward Whymper, Christian Almer, Franz Biner					Wikipedia
item_30	Prima ascensione: Lasörling	Lasörling	FALSE		Golden age of alpinism		Prima ascensione			1861	1861	golden age	Karl von Sonklar		Austro-German alpine expedition	Karl von Sonklar					Wikipedia
item_31	Prima ascensione: Mont Blanc de Cheilon	Mont Blanc de Cheilon	FALSE		Silver age of alpinism		Prima ascensione			11/09/1865	1865	golden age	Johann Jakob Weilenmann, Justin Felley		Austro-German alpine expedition	Johann Jakob Weilenmann, Justin Felley					Wikipedia
item_32	Prima ascensione: Mont Pourri	Mont Pourri	FALSE		Golden age of alpinism		Prima ascensione			04/10/1861	1861	golden age	Michel Croz		Franco-Swiss alpine expedition	Michel Croz					Wikipedia Table
item_33	Prima ascensione: Monte Caplone	Monte Caplone	FALSE				Prima ascensione			12/04/1903	1903	post	Hans Reinl	torrione a Cima Büs de Balì	Austro-German alpine expedition	Hans Reinl, torrione a Cima Büs de Balì					Wikipedia
item_34	Prima ascensione: Palla Bianca	Palla Bianca	FALSE				Prima ascensione			1850	1850	proto-alpinism	Josef Anton Specht, Leander Klotz e Nicodem Klotz		Austro-German alpine expedition	Josef Anton Specht, Leander Klotz e Nicodem Klotz					Wikipedia
item_35	Prima ascensione: Parseierspitze	Parseierspitze	FALSE		Silver age of alpinism		Prima ascensione			1869	1869	silver age	Joseph Anton Specht, Peter Siess		Austro-German alpine expedition	Joseph Anton Specht, Peter Siess					Wikipedia
item_36	Prima ascensione: Piz Bacun	Piz Bacun	FALSE				Prima ascensione			1883	1883	post	Theodor Curtius, Christian Klucker, Johann Eggenberger		Austro-German alpine expedition	Theodor Curtius, Christian Klucker, Johann Eggenberger					Wikipedia
item_37	Prima ascensione: Piz Buin	Piz Buin	FALSE		Silver age of alpinism		Prima ascensione			14 Jul 1865	1865	golden age	Josef Anton Specht, Johann Jacob Weilenmann, Jakob Pfitscher, Franz Pöll		Austro-German alpine expedition	Josef Anton Specht, Johann Jacob Weilenmann, Jakob Pfitscher, Franz Pöll				Erschliessung 2, 10-12	Wikipedia, Wikipedia Table
item_38	Prima ascensione: Pizzi Gemelli	Pizzi Gemelli	FALSE				Prima ascensione			09/06/1892	1892	post	Anton von Rydzewski	Mansueto Barbaria, Christian Klucker	International / mixed expedition	Anton von Rydzewski, Mansueto Barbaria, Christian Klucker					Wikipedia
item_39	Prima ascensione: Punta Sulè	Punta Sulè	FALSE		Silver age of alpinism		Prima ascensione			16/08/1880	1880	silver age	Filippo Vallino		Italian alpine expedition	Filippo Vallino				G.Berutto, Valli di Lanzo e Moncenisio, Istituto Geografico Centrale, 1996.	Wikipedia
item_40	Prima ascensione: Punta Whymper	Punta Whymper	FALSE		Silver age of alpinism		Prima ascensione			24/06/1865	1865	golden age	Edward Whymper	Michel Croz, Christian Almer, Franz Biner	British alpine expedition	Edward Whymper, Michel Croz, Christian Almer, Franz Biner					Wikipedia
item_41	Prima ascensione: Sciora di Fuori	Sciora di Fuori	FALSE				Prima ascensione			06/07/1892	1892	post	Anton von Rydzewski	Mansueto Barbaria, Christian Klucker	International / mixed expedition	Anton von Rydzewski, Mansueto Barbaria, Christian Klucker					Wikipedia
item_42	Prima ascensione: Sustenhorn	Sustenhorn	FALSE				Prima ascensione			07/08/1841	1841	proto-alpinism	Gottlieb Samuel Studer		Franco-Swiss alpine expedition	Gottlieb Samuel Studer					Wikipedia
item_43	Prima ascensione: Wildhorn	Wildhorn	FALSE				Prima ascensione			01/09/1843	1843	proto-alpinism	Gottlieb Samuel Studer		Franco-Swiss alpine expedition	Gottlieb Samuel Studer					Wikipedia
item_44	Prima ascensione: Grand Nomenon	Grand Nomenon	FALSE		Silver age of alpinism		Prima ascensione			25/06/1877	1877	silver age	Felice Montaldo, Antonio Boggiatto, Antonio Castagneri		Italian alpine expedition	Felice Montaldo, Antonio Boggiatto, Antonio Castagneri		<iframe src="https://caisidoc.cai.it:443/opac/detail/badge/mnmt:catalog:108882?height=250&showabstract=0&coversize=normal" frameborder="0" width="600" height="250"></iframe>			Wikipedia
item_45	Prima ascensione: Adula	Adula	FALSE				Prima ascensione			01/06/1789	1789	proto-alpinism	Placidus a Spescha		Franco-Swiss alpine expedition	Placidus a Spescha					Wikipedia
item_46	Prima ascensione: Angerstein	Angerstein	FALSE				Prima ascensione			28/10/1888	1888	post	Ludwig Purtscheller		Austro-German alpine expedition	Ludwig Purtscheller					Wikipedia
item_47	Prima ascensione: Becco Alto d'Ischiator	Becco Alto d'Ischiator	FALSE				Prima ascensione			28/06/1890	1890	post	Ludwig Purtscheller		Austro-German alpine expedition	Ludwig Purtscheller					Wikipedia
item_48	Prima ascensione: Cima di Valmora (E)	Cima di Valmora (E)	FALSE				Prima ascensione			1948	1948	post	Leone Pellicioli		Italian alpine expedition	Leone Pellicioli					Wikipedia
item_49	Prima ascensione: Flachkogel Niederer	Flachkogel Niederer	FALSE				Prima ascensione			28/10/1888	1888	post	Ludwig Purtscheller		Austro-German alpine expedition	Ludwig Purtscheller					Wikipedia
item_50	Prima ascensione: Grande Roise	Grande Roise	FALSE				Prima ascensione			17 luglio 1875[1]	1875	silver age	Albin Lucat, Angelo Decaroli, Jean-Antoine Carrel		International / mixed expedition	Albin Lucat, Angelo Decaroli, Jean-Antoine Carrel					Wikipedia
item_51	Prima ascensione: Jôf Fuârt	Jôf Fuârt	FALSE				Prima ascensione			1891	1891	post	Julius Kugy		Austro-German alpine expedition	Julius Kugy					Wikipedia
item_52	Prima ascensione: Kanjavec	Kanjavec	FALSE		Silver age of alpinism		Prima ascensione			18/08/1877	1877	silver age	Julius Kugy		Austro-German alpine expedition	Julius Kugy					Wikipedia
item_53	Prima ascensione: Monte Coglians	Monte Coglians	FALSE		Silver age of alpinism		Prima ascensione			30/09/1865	1865	golden age	Paul Grohmann		Austro-German alpine expedition	Paul Grohmann	Grohmann, Paul <1838-1908> - Ascensioni alpinistiche - Dolomiti - Sec. 19. Wanderungen in den Dolomiten[https://caisidoc.cai.it/risultati-della-ricerca/detail/view/mnmt:catalog:12002]|Grohmann, Paul <1838-1908> - La scoperta delle Dolomiti 1862[https://caisidoc.cai.it/risultati-della-ricerca/detail/view/mnmt:catalog:10882]|Sposito, Livio. Paul Grohmann : guida biografica alle sue vie[https://caisidoc.cai.it/risultati-della-ricerca/detail/view/mnmt:catalog:127829]|[Ritratto di] Paul Grohmann[https://caisidoc.cai.it/risultati-della-ricerca/detail/view/mnmt:catalog:110671]				Wikipedia
item_54	Prima ascensione: Piz Terri	Piz Terri	FALSE				Prima ascensione			1798	1798	proto-alpinism	Placidus a Spescha		Franco-Swiss alpine expedition	Placidus a Spescha					Wikipedia
item_55	Prima ascensione: Tour Real	Tour Real	FALSE				Prima ascensione			19/09/1899	1899	post	Michele Celestino Bes		Italian alpine expedition	Michele Celestino Bes					Wikipedia
item_56	Prima ascensione: Visolotto	Visolotto	FALSE		Silver age of alpinism		Prima ascensione			04/09/1875	1875	silver age	Felice Montaldo, Antonio Castagneri, Francesco Perotti		Italian alpine expedition	Felice Montaldo, Antonio Castagneri, Francesco Perotti		<iframe src="https://caisidoc.cai.it:443/opac/detail/badge/mnmt:catalog:108881?height=250&showabstract=0&coversize=normal" frameborder="0" width="600" height="250"></iframe>			Wikipedia
item_57	Prima ascensione: Adamello (monte)	Adamello (monte)	FALSE		Golden age of alpinism		Prima ascensione			15/09/1864	1864	golden age	Julius von Payer	Giovanni Caturani	Austro-German alpine expedition	Julius von Payer, Giovanni Caturani					Wikipedia, Wikipedia Table
item_58	Prima ascensione: Aiguille de Chambeyron	Aiguille de Chambeyron	FALSE		Silver age of alpinism		Prima ascensione			28/07/1879	1879	silver age	William Auguste Coolidge, Christian Almer, Ulrich Almer		British alpine expedition	William Auguste Coolidge, Christian Almer, Ulrich Almer				Michelangelo Bruno, Monte Viso, Alpi Cozie Meridionali, Guida dei Monti d'Italia, Milano, Club Alpino Italiano e Touring Club Italiano, 1987.	Wikipedia
item_59	Prima ascensione: Aiguille du Moine	Aiguille du Moine	FALSE		Silver age of alpinism		Prima ascensione			22/09/1871	1871	silver age	Isabella Straton, Emmeline Lewis Lloyd	Joseph Simond, Jean-Estéril Charlet	British alpine expedition	Isabella Straton, Emmeline Lewis Lloyd, Joseph Simond, Jean-Estéril Charlet					Wikipedia
item_60	Prima ascensione: Aiguille du Plan	Aiguille du Plan	FALSE		Silver age of alpinism		Prima ascensione			1871	1871	silver age	James Eccles	Alphonse Payot, Michel-Clément Payot	British alpine expedition	James Eccles, Alphonse Payot, Michel-Clément Payot					Wikipedia
item_61	Prima ascensione: Aiguilles Septentrionale d'Arves	Aiguilles Septentrionale d'Arves	FALSE				Prima ascensione			2 Sep 1839	1839	proto-alpinism	Pierre Alexis Magnin, Benoît Nicolas Magnin		Franco-Swiss alpine expedition	Pierre Alexis Magnin, Benoît Nicolas Magnin				Benoît Nicolas Magnin, The Ascent of the Central Aiguille d'Arves, AJ, Volume 18, 1895, pp 165-8.	Wikipedia Table
item_62	Prima ascensione: Aiguilles Centrale d'Arves	Aiguilles Centrale d'Arves	FALSE				Prima ascensione			1878	1878	silver age	William Auguste Coolidge		British alpine expedition	William Auguste Coolidge					Wikipedia
item_63	Prima ascensione: Aiguilles de Trélatête	Aiguilles de Trélatête	FALSE		Golden age of alpinism		Prima ascensione			12/07/1864	1864	golden age	Anthony Adams Reilly, Edward Whymper	Michel Croz, Michel-Clément Payot, Henri Charlet	British alpine expedition	Anthony Adams Reilly, Edward Whymper, Michel Croz, Michel-Clément Payot, Henri Charlet				F. F. Tuckett (1862) The Ascent of the Aletschhorn in Peaks, Passes, and Glaciers, pp. 33-72	Wikipedia, Wikipedia Table
item_64	Prima ascensione: Aiguilles Dorées	Aiguilles Dorées	FALSE				Prima ascensione			30/08/1892	1892	post	Valère Alfred Fynne William J. Murphy		British alpine expedition	Valère Alfred Fynne William J. Murphy					Wikipedia
item_65	Prima ascensione: Ailefroide	Ailefroide	FALSE		Silver age of alpinism		Prima ascensione			07/07/1870	1870	silver age	William Auguste Coolidge, Christian Almer, Ulrich Almer		British alpine expedition	William Auguste Coolidge, Christian Almer, Ulrich Almer					Wikipedia, Wikipedia Table
item_66	Prima ascensione: Aletschhorn	Aletschhorn	FALSE		Golden age of alpinism		Prima ascensione			18/06/1859	1859	golden age	Francis Fox Tuckett	Johann Joseph Bennen, Peter Bohren, Vistor Tairraz	British alpine expedition	Francis Fox Tuckett, Johann Joseph Bennen, Peter Bohren, Vistor Tairraz					Wikipedia
item_67	Prima ascensione: Antelao	Antelao	FALSE		Golden age of alpinism		Prima ascensione			18 Sep 1863	1863	golden age	Paul Grohmann, Francesco Lacedelli, Alessandro Lacedelli, Matteo Ossi	Concurring Hypothesis	Austro-German alpine expedition	Paul Grohmann, Francesco Lacedelli, Alessandro Lacedelli, Matteo Ossi, Concurring Hypothesis	Grohmann, Paul <1838-1908> - Ascensioni alpinistiche - Dolomiti - Sec. 19. Wanderungen in den Dolomiten[https://caisidoc.cai.it/risultati-della-ricerca/detail/view/mnmt:catalog:12002]|Grohmann, Paul <1838-1908> - La scoperta delle Dolomiti 1862[https://caisidoc.cai.it/risultati-della-ricerca/detail/view/mnmt:catalog:10882]|Sposito, Livio. Paul Grohmann : guida biografica alle sue vie[https://caisidoc.cai.it/risultati-della-ricerca/detail/view/mnmt:catalog:127829]|[Ritratto di] Paul Grohmann[https://caisidoc.cai.it/risultati-della-ricerca/detail/view/mnmt:catalog:110671]				Wikipedia, Wikipedia Table
item_68	Prima ascensione: Antelao	Antelao	FALSE		Prime Ascensioni sulle Dolomiti		Prima ascensione			1850	1850	proto-alpinism	Matteo Ossi	Concurring Hypothesis	Local guide-led ascent	Matteo Ossi, Concurring Hypothesis					Wikipedia (Italian Article)
item_69	Prima ascensione: Becca di Suessa	Becca di Suessa	FALSE				Prima ascensione			02/09/1889	1889	post	William Auguste Coolidge, Ulrich Almer		British alpine expedition	William Auguste Coolidge, Ulrich Almer					Wikipedia
item_70	Prima ascensione: Birkkarspitze	Birkkarspitze	FALSE		Silver age of alpinism		Prima ascensione			06/07/1870	1870	silver age	Hermann von Barth		Austro-German alpine expedition	Hermann von Barth					Wikipedia
item_71	Prima ascensione: Catinaccio d'Antermoia	Catinaccio d'Antermoia	FALSE		Silver age of alpinism, Prime Ascensioni sulle Dolomiti		Prima ascensione			31/08/1872	1872	silver age	Charles Comyns Tucker, T.H. Carson, Luigi Bernard		British alpine expedition	Charles Comyns Tucker, T.H. Carson, Luigi Bernard					Wikipedia
item_72	Prima ascensione: Cima Brenta	Cima Brenta	FALSE		Silver age of alpinism		Prima ascensione			01/08/1871	1871	silver age	Douglas William Freshfield, Francis Fox Tuckett, François Devouassoud		British alpine expedition	Douglas William Freshfield, Francis Fox Tuckett, François Devouassoud					Wikipedia
item_73	Prima ascensione: Cima Canali	Cima Canali	FALSE		Silver age of alpinism, Prime Ascensioni sulle Dolomiti		Prima ascensione			30/08/1879	1879	silver age	Michele Bettega, Charles Comyns Tucker		British alpine expedition	Michele Bettega, Charles Comyns Tucker					Wikipedia
item_74	Prima ascensione: Cima dell'Uomo (Dolomiti)	Cima dell'Uomo (Dolomiti)	FALSE		Silver age of alpinism, Prime Ascensioni sulle Dolomiti		Prima ascensione			17/07/1879	1879	silver age	Santo Siorpaes, Cesare Tomè, Gottfried Merzbacher, Battista Bernard		Austro-German alpine expedition	Santo Siorpaes, Cesare Tomè, Gottfried Merzbacher, Battista Bernard					Wikipedia
item_75	Prima ascensione: Cima Mongioia	Cima Mongioia	FALSE				Prima ascensione			20/07/1878	1878	silver age	Paul Agnel, Joseph Risoul		Franco-Swiss alpine expedition	Paul Agnel, Joseph Risoul					Wikipedia
item_76	Prima ascensione: Cima Sternai	Cima Sternai	FALSE		Silver age of alpinism		Prima ascensione			30/07/1868	1868	silver age	Julius von Payer, Johann Pinggera		Austro-German alpine expedition	Julius von Payer, Johann Pinggera					Wikipedia
item_77	Prima ascensione: Cima Undici	Cima Undici	FALSE		Prime Ascensioni sulle Dolomiti		Prima ascensione			1878	1878	silver age	Michl Innerkofler		Local guide-led ascent	Michl Innerkofler	Michl : Michl Innerkofler und Sextner Bergfuhrer : rifugi montagne guide alpine di Sesto / a cura di Bepi Pellegrinon ; testi di Camillo Berti, Rudolf Holzer, Bepi Pellegrinon ; con la collaborazione di Herbert Summerer e Kurt Stauder[https://caisidoc.cai.it/risultati-della-ricerca/detail/view/mnmt:catalog:40218]|Michel Innerkofler : guida alpina di Sesto / C. Berti[https://caisidoc.cai.it/risultati-della-ricerca/detail/view/mnmt:catalog:114913]				Wikipedia
item_78	Prima ascensione: Cima Vertana	Cima Vertana	FALSE		Silver age of alpinism		Prima ascensione			28/08/1865	1865	golden age	Julius von Payer	Johann Pinggera	Austro-German alpine expedition	Julius von Payer, Johann Pinggera					Wikipedia
item_79	Prima ascensione: Cresta Gastaldi	Cresta Gastaldi	FALSE				Prima ascensione			12/08/1888	1888	post	William Auguste Coolidge, George Yeld	Christian Almer junior, Rodolphe Almer	British alpine expedition	William Auguste Coolidge, George Yeld, Christian Almer junior, Rodolphe Almer				[1]	Wikipedia
item_80	Prima ascensione: Croce Rossa (monte)	Croce Rossa (monte)	FALSE		Golden age of alpinism		Prima ascensione			1857	1857	golden age	Antonio Tonini		Italian alpine expedition	Antonio Tonini				Giulio Berutto e Lino Fornelli, Alpi Graie Meridionali, Guida dei Monti d'Italia, Milano, Club Alpino Italiano e Touring Club Italiano, 1980.	Wikipedia
item_81	Prima ascensione: Croda da Lago	Croda da Lago	FALSE		Prime Ascensioni sulle Dolomiti		Prima ascensione			19/07/1884	1884	post	Michl Innerkofler		Local guide-led ascent	Michl Innerkofler	Michl : Michl Innerkofler und Sextner Bergfuhrer : rifugi montagne guide alpine di Sesto / a cura di Bepi Pellegrinon ; testi di Camillo Berti, Rudolf Holzer, Bepi Pellegrinon ; con la collaborazione di Herbert Summerer e Kurt Stauder[https://caisidoc.cai.it/risultati-della-ricerca/detail/view/mnmt:catalog:40218]|Michel Innerkofler : guida alpina di Sesto / C. Berti[https://caisidoc.cai.it/risultati-della-ricerca/detail/view/mnmt:catalog:114913]				Wikipedia
item_82	Prima ascensione: Croda dei Toni	Croda dei Toni	FALSE		Silver age of alpinism, Prime Ascensioni sulle Dolomiti		Prima ascensione			28/09/1874	1874	silver age	Michl Innerkofler, Johann Innerkofler		Local guide-led ascent	Michl Innerkofler, Johann Innerkofler	Michl : Michl Innerkofler und Sextner Bergfuhrer : rifugi montagne guide alpine di Sesto / a cura di Bepi Pellegrinon ; testi di Camillo Berti, Rudolf Holzer, Bepi Pellegrinon ; con la collaborazione di Herbert Summerer e Kurt Stauder[https://caisidoc.cai.it/risultati-della-ricerca/detail/view/mnmt:catalog:40218]|Michel Innerkofler : guida alpina di Sesto / C. Berti[https://caisidoc.cai.it/risultati-della-ricerca/detail/view/mnmt:catalog:114913]				Wikipedia
item_83	Prima ascensione: Croda delle Cornacchie	Croda delle Cornacchie	FALSE				Prima ascensione			1853	1853	proto-alpinism			Local guide-led ascent						Wikipedia
item_84	Prima ascensione: Croda Rossa di Sesto	Croda Rossa di Sesto	FALSE		Prime Ascensioni sulle Dolomiti		Prima ascensione			20/07/1878	1878	silver age	Michl Innerkofler, Loránd Eötvös		Austro-German alpine expedition	Michl Innerkofler, Loránd Eötvös	Michl : Michl Innerkofler und Sextner Bergfuhrer : rifugi montagne guide alpine di Sesto / a cura di Bepi Pellegrinon ; testi di Camillo Berti, Rudolf Holzer, Bepi Pellegrinon ; con la collaborazione di Herbert Summerer e Kurt Stauder[https://caisidoc.cai.it/risultati-della-ricerca/detail/view/mnmt:catalog:40218]|Michel Innerkofler : guida alpina di Sesto / C. Berti[https://caisidoc.cai.it/risultati-della-ricerca/detail/view/mnmt:catalog:114913]				Wikipedia
item_85	Prima ascensione: Crozzon di Lares	Crozzon di Lares	FALSE		Silver age of alpinism		Prima ascensione			03/09/1868	1868	silver age	Julius von Payer		Austro-German alpine expedition	Julius von Payer					Wikipedia
item_86	Prima ascensione: Dôme de Rochefort	Dôme de Rochefort	FALSE		Silver age of alpinism		Prima ascensione			12/08/1881	1881	silver age	James Eccles, Alphonse Payot, Michel-Clément Payot		British alpine expedition	James Eccles, Alphonse Payot, Michel-Clément Payot					Wikipedia
item_87	Prima ascensione: Grand Tournalin	Grand Tournalin	FALSE		Golden age of alpinism		Prima ascensione			08/08/1863	1863	golden age	Edward Whymper, Jean-Antoine Carrel		British alpine expedition	Edward Whymper, Jean-Antoine Carrel					Wikipedia
item_88	Prima ascensione: Grande Mèsule	Grande Mèsule	FALSE		Silver age of alpinism		Prima ascensione			16/06/1865	1865	golden age	George Henry Fox, Douglas William Freshfield, Francis Fox Tuckett, François Devouassoud, Peter Michel		British alpine expedition	George Henry Fox, Douglas William Freshfield, Francis Fox Tuckett, François Devouassoud, Peter Michel					Wikipedia
item_89	Prima ascensione: Grande Ruine	Grande Ruine	FALSE		Silver age of alpinism		Prima ascensione			19/07/1873	1873	silver age	Mademoiselle Brevoort, William Auguste Coolidge	guide	British alpine expedition	Mademoiselle Brevoort, William Auguste Coolidge, guide					Wikipedia
item_90	Prima ascensione: Grande Traversière	Grande Traversière	FALSE				Prima ascensione			24/08/1885	1885	post	William Auguste Coolidgecon, Ulrich Almer		British alpine expedition	William Auguste Coolidgecon, Ulrich Almer				Alessandro Giorgetta, Alpi Graie Centrali, Guida dei Monti d'Italia, Milano, Club Alpino Italiano e Touring Club Italiano, 1985.	Wikipedia
item_91	Prima ascensione: Großvenediger	Großvenediger	FALSE				Prima ascensione			03/09/1841	1841	proto-alpinism	Josef Schwab, Paul Rohregger, Christian Rieß, Peter Meilinger, Ignaz Kürsinger [de], Anton Ruthner [de], Franz Spitaler and 17 others		Austro-German alpine expedition	Josef Schwab, Paul Rohregger, Christian Rieß, Peter Meilinger, Ignaz Kürsinger [de], Anton Ruthner [de], Franz Spitaler and 17 others					Wikipedia, Wikipedia Table
item_92	Prima ascensione: Helsenhorn	Helsenhorn	FALSE				Prima ascensione			26/07/1891	1891	post	William Auguste Coolidge	Christian e Rudolf Almer	British alpine expedition	William Auguste Coolidge, Christian e Rudolf Almer				Erschliessung 3, 134-136	Wikipedia
item_93	Prima ascensione: Hochalmspitze	Hochalmspitze	FALSE		Golden age of alpinism		Prima ascensione			15/08/1859	1859	golden age	Paul Grohmann		Austro-German alpine expedition	Paul Grohmann	Grohmann, Paul <1838-1908> - Ascensioni alpinistiche - Dolomiti - Sec. 19. Wanderungen in den Dolomiten[https://caisidoc.cai.it/risultati-della-ricerca/detail/view/mnmt:catalog:12002]|Grohmann, Paul <1838-1908> - La scoperta delle Dolomiti 1862[https://caisidoc.cai.it/risultati-della-ricerca/detail/view/mnmt:catalog:10882]|Sposito, Livio. Paul Grohmann : guida biografica alle sue vie[https://caisidoc.cai.it/risultati-della-ricerca/detail/view/mnmt:catalog:127829]|[Ritratto di] Paul Grohmann[https://caisidoc.cai.it/risultati-della-ricerca/detail/view/mnmt:catalog:110671]				Wikipedia
item_94	Prima ascensione: Hochfrottspitze	Hochfrottspitze	FALSE		Silver age of alpinism		Prima ascensione			1869	1869	silver age	Hermann von Barth		Austro-German alpine expedition	Hermann von Barth					Wikipedia
item_95	Prima ascensione: Hochplattig	Hochplattig	FALSE		Silver age of alpinism		Prima ascensione			11/08/1872	1872	silver age	Hermann von Barth		Austro-German alpine expedition	Hermann von Barth					Wikipedia
item_96	Prima ascensione: Hochwanner	Hochwanner	FALSE		Silver age of alpinism		Prima ascensione			1870	1870	silver age	Hermann von Barth		Austro-German alpine expedition	Hermann von Barth					Wikipedia
item_97	Prima ascensione: Les Bans	Les Bans	FALSE				Prima ascensione			14/07/1878	1878	silver age	William Auguste Coolidgecon	Christian Almer, Ulrich Almer	British alpine expedition	William Auguste Coolidgecon, Christian Almer, Ulrich Almer					Wikipedia
item_98	Prima ascensione: Les Droites	Les Droites	FALSE		Silver age of alpinism		Prima ascensione			07/08/1876	1876	silver age	Thomas Middlemore, John Oakley	Henri Cordier, Johann Jaun, Andreas Maurer	British alpine expedition	Thomas Middlemore, John Oakley, Henri Cordier, Johann Jaun, Andreas Maurer					Wikipedia
item_99	Prima ascensione: : FALSE	: FALSE	FALSE		Golden age of alpinism		Prima ascensione			19/08/1861	1861	golden age			Local guide-led ascent						Wikipedia
item_100	Prima ascensione: Lyskamm Orientale	Lyskamm Orientale	FALSE		Golden age of alpinism		Prima ascensione			19/08/1861	1861	golden age			Local guide-led ascent						Wikipedia
item_101	Prima ascensione: Mädelegabel	Mädelegabel	FALSE				Prima ascensione			1818	1818	proto-alpinism			Local guide-led ascent						Wikipedia
item_102	Prima ascensione: Moiazza	Moiazza	FALSE		Prime Ascensioni sulle Dolomiti		Prima ascensione			1895	1895	post	Cesare Tomè		Local guide-led ascent	Cesare Tomè					Wikipedia
item_103	Prima ascensione: Monte Argentera	Monte Argentera	FALSE		Silver age of alpinism		Prima ascensione			18/08/1879	1879	silver age	William Auguste Coolidge	Christian Almer, Ulrich Almer	British alpine expedition	William Auguste Coolidge, Christian Almer, Ulrich Almer					Wikipedia
item_104	Prima ascensione: Monte Bianco	Monte Bianco	FALSE				Prima ascensione			08/08/1786	1786	proto-alpinism	Jacques Balmat, Michel Gabriel Paccard		Franco-Swiss alpine expedition	Jacques Balmat, Michel Gabriel Paccard					Wikipedia
item_105	Prima ascensione: Monte Breithorn	Monte Breithorn	FALSE				Prima ascensione			13 Aug 1813	1813	proto-alpinism	Henry Maynard, Jean-Marie Couttet, Jean Gras, Jean-Baptiste Érin, Jean-Jacques Érin		British alpine expedition	Henry Maynard, Jean-Marie Couttet, Jean Gras, Jean-Baptiste Érin, Jean-Jacques Érin				Studer, Vol 2, pp. 301-3	Wikipedia, Wikipedia Table
item_106	Prima ascensione: Monte Calisio	Monte Calisio	FALSE		Prime Ascensioni sulle Dolomiti		Prima ascensione			I secolo a.C.		proto-alpinism									Wikipedia
item_107	Prima ascensione: Monte Cristallo	Monte Cristallo	FALSE		Silver age of alpinism, Prime Ascensioni sulle Dolomiti		Prima ascensione			14/09/1865	1865	golden age	Paul Grohmann, Angelo Dimai, Santo Siorpaes		Austro-German alpine expedition	Paul Grohmann, Angelo Dimai, Santo Siorpaes	Grohmann, Paul <1838-1908> - Ascensioni alpinistiche - Dolomiti - Sec. 19. Wanderungen in den Dolomiten[https://caisidoc.cai.it/risultati-della-ricerca/detail/view/mnmt:catalog:12002]|Grohmann, Paul <1838-1908> - La scoperta delle Dolomiti 1862[https://caisidoc.cai.it/risultati-della-ricerca/detail/view/mnmt:catalog:10882]|Sposito, Livio. Paul Grohmann : guida biografica alle sue vie[https://caisidoc.cai.it/risultati-della-ricerca/detail/view/mnmt:catalog:127829]|[Ritratto di] Paul Grohmann[https://caisidoc.cai.it/risultati-della-ricerca/detail/view/mnmt:catalog:110671]				Wikipedia
item_108	Prima ascensione: Monte Dolent	Monte Dolent	FALSE		Golden age of alpinism		Prima ascensione			09/07/1864	1864	golden age	Anthony Adams Reilly, Edward Whymper	Michel Croz, Henri Charlet, Michel-Clément Payot	British alpine expedition	Anthony Adams Reilly, Edward Whymper, Michel Croz, Henri Charlet, Michel-Clément Payot					Wikipedia
item_109	Prima ascensione: Monte Emilius	Monte Emilius	FALSE				Prima ascensione			1826	1826	proto-alpinism	Georges Carrel		Franco-Swiss alpine expedition	Georges Carrel					Wikipedia
item_110	Prima ascensione: Monte Gleno	Monte Gleno	FALSE		Silver age of alpinism		Prima ascensione			1873	1873	silver age	Douglas William Freshfield, François Devouassoud		British alpine expedition	Douglas William Freshfield, François Devouassoud				Angelo Gamba, Antonio Baroni, la guida alpina, Comune di San Pellegrino Terme, 2002, p. 5.	Wikipedia
item_111	Prima ascensione: Monte Lovello	Monte Lovello	FALSE				Prima ascensione			12/09/1843	1843	proto-alpinism	Markus Vincent Lipold		Austro-German alpine expedition	Markus Vincent Lipold					Wikipedia
item_112	Prima ascensione: Monte Matto	Monte Matto	FALSE		Silver age of alpinism		Prima ascensione			14/08/1879	1879	silver age	William Auguste Coolidge, Christian Almer, Ulrich Almer		British alpine expedition	William Auguste Coolidge, Christian Almer, Ulrich Almer					Wikipedia
item_113	Prima ascensione: Monte Serva	Monte Serva	FALSE		Prime Ascensioni sulle Dolomiti		Prima ascensione			17/09/1878	1878	silver age			Local guide-led ascent						Wikipedia
item_114	Prima ascensione: Monte Turia	Monte Turia	FALSE		Silver age of alpinism		Prima ascensione			02/07/1874	1874	silver age	William Coolidge, Meta Brevoort, Christian Almer		British alpine expedition	William Coolidge, Meta Brevoort, Christian Almer					Wikipedia
item_115	Prima ascensione: Monte Vélan	Monte Vélan	FALSE				Prima ascensione			31/08/1779	1779	proto-alpinism	Laurent Joseph Murith and two hunters from Liddes		Franco-Swiss alpine expedition	Laurent Joseph Murith and two hunters from Liddes				Studer, Vol 2, pp. 467-8	Wikipedia Table
item_116	Prima ascensione: Monte Vioz	Monte Vioz	FALSE		Silver age of alpinism		Prima ascensione			1867	1867	silver age	Julius von Payer, Antonio Chiesa, Johann Pinggera		Austro-German alpine expedition	Julius von Payer, Antonio Chiesa, Johann Pinggera					Wikipedia
item_117	Prima ascensione: Monte Zebrù	Monte Zebrù	FALSE		Silver age of alpinism		Prima ascensione			29/09/1866	1866	silver age	Julius von Payer	Johann Pinggera	Austro-German alpine expedition	Julius von Payer, Johann Pinggera					Wikipedia
item_118	Prima ascensione: Pala di San Martino	Pala di San Martino	FALSE		Prime Ascensioni sulle Dolomiti		Prima ascensione			23/06/1878	1878	silver age	Julius Meurer, Alfredo Pallavicini, Michele Bettega, Arcangelo Dimai, Santo Siorpaes		Austro-German alpine expedition	Julius Meurer, Alfredo Pallavicini, Michele Bettega, Arcangelo Dimai, Santo Siorpaes					Wikipedia
item_119	Prima ascensione: Palon de la Mare	Palon de la Mare	FALSE		Silver age of alpinism		Prima ascensione			10/09/1867	1867	silver age	Julius von Payer	Johann Pinggera (guida), Antonio Chiesa (portatore)	Austro-German alpine expedition	Julius von Payer, Johann Pinggera (guida), Antonio Chiesa (portatore)					Wikipedia
item_120	Prima ascensione documentata: Pelmo	Pelmo	FALSE		Golden Age of alpinism, Prime Ascensioni sulle Dolomiti		Prima ascensione documentata	Settled dispute	The Irishman Ball was guided by an anonymous local (Venetian) chamois hunter up to the summit ridge, about 30 m below the summit.	19/09/1857	1857	golden age	John Ball		British alpine expedition	John Ball		Alpine Journal del 1873 (resoconto di Ball)		Erschliessung, 3, pp. 475-6	Wikipedia, Wikidata Table, https://www.sat.tn.it/dolomiti-in-biblioteca-2-le-prime-ascensioni/
item_120	Prima ascensione presunta: Pelmo	Pelmo	FALSE				Prima ascensione presunta			prima del 1844	1844	proto-alpinism	Abitanti locali sconosciuti 		Local guide-led ascent	Abitanti locali sconosciuti 		"Die Venetianer Alpen" di Fuchs (1844)			https://www.sat.tn.it/dolomiti-in-biblioteca-2-le-prime-ascensioni/
item_121	Prima ascensione: Pic Coolidge	Pic Coolidge	FALSE		Silver age of alpinism		Prima ascensione			14/07/1877	1877	silver age	William Auguste Coolidge, Christian Almer, Ulrich Almer		British alpine expedition	William Auguste Coolidge, Christian Almer, Ulrich Almer					Wikipedia
item_122	Prima ascensione: Pic d'Olan	Pic d'Olan	FALSE		Silver age of alpinism		Prima ascensione			1880	1880	silver age			Local guide-led ascent						Wikipedia
item_123	Prima ascensione: Pic Tyndall	Pic Tyndall	FALSE		Golden age of alpinism		Prima ascensione			1862	1862	golden age	John Tyndall, Jean-Antoine Carrel	due guide	British alpine expedition	John Tyndall, Jean-Antoine Carrel, due guide		Manoscritto: Jean Antoine Carrel : 29 luglio 1862-26 luglio 1890 [https://caisidoc.cai.it/risultati-della-ricerca/detail/view/mnmt:catalog:108855]			Wikipedia
item_124	Prima ascensione: Piz Boè	Piz Boè	FALSE		Golden Age of alpinism, Prime Ascensioni sulle Dolomiti		Prima ascensione			30/07/1864	1864	golden age	Paul Grohmann		Austro-German alpine expedition	Paul Grohmann	Grohmann, Paul <1838-1908> - Ascensioni alpinistiche - Dolomiti - Sec. 19. Wanderungen in den Dolomiten[https://caisidoc.cai.it/risultati-della-ricerca/detail/view/mnmt:catalog:12002]|Grohmann, Paul <1838-1908> - La scoperta delle Dolomiti 1862[https://caisidoc.cai.it/risultati-della-ricerca/detail/view/mnmt:catalog:10882]|Sposito, Livio. Paul Grohmann : guida biografica alle sue vie[https://caisidoc.cai.it/risultati-della-ricerca/detail/view/mnmt:catalog:127829]|[Ritratto di] Paul Grohmann[https://caisidoc.cai.it/risultati-della-ricerca/detail/view/mnmt:catalog:110671]			Fabio Favaretto e Andrea Zannini, Gruppo di Sella, Guida dei Monti d'Italia, Milano, Club Alpino Italiano e Touring Club Italiano, 1991.	Wikipedia
item_125	Prima ascensione: Pizzo Cengalo	Pizzo Cengalo	FALSE		Silver age of alpinism		Prima ascensione			25/07/1866	1866	silver age	Douglas William Freshfield, Charles Comyns Tucker	François Devouassoud	British alpine expedition	Douglas William Freshfield, Charles Comyns Tucker, François Devouassoud					Wikipedia
item_126	Prima ascensione: Pizzo Rotondo (Cantone Ticino)	Pizzo Rotondo (Cantone Ticino)	FALSE				Prima ascensione			1888	1888	post	William Auguste Coolidge, Christian Almer		British alpine expedition	William Auguste Coolidge, Christian Almer					Wikipedia
item_127	Prima ascensione: Pizzo Tresero	Pizzo Tresero	FALSE		Silver age of alpinism		Prima ascensione			28/06/1865	1865	golden age	Francis Fox Tuckett, Douglas William Freshfield, James Backhouse, George Henry Fox, François Devouassoud, Peter Michel		British alpine expedition	Francis Fox Tuckett, Douglas William Freshfield, James Backhouse, George Henry Fox, François Devouassoud, Peter Michel					Wikipedia
item_128	Prima ascensione: Pointe Haute de Mary	Pointe Haute de Mary	FALSE		Silver age of alpinism		Prima ascensione			01/07/1879	1879	silver age	William Auguste Coolidge, Christin Almer, Ulrich Almer		British alpine expedition	William Auguste Coolidge, Christin Almer, Ulrich Almer					Wikipedia
item_129	Prima ascensione: Punta dei Tre Scarperi	Punta dei Tre Scarperi	FALSE		Silver age of alpinism, Prime Ascensioni sulle Dolomiti		Prima ascensione			18/07/1869	1869	silver age	Paul Grohmann, Peter Salcher, Franz Innerkofler		Austro-German alpine expedition	Paul Grohmann, Peter Salcher, Franz Innerkofler	Grohmann, Paul <1838-1908> - Ascensioni alpinistiche - Dolomiti - Sec. 19. Wanderungen in den Dolomiten[https://caisidoc.cai.it/risultati-della-ricerca/detail/view/mnmt:catalog:12002]|Grohmann, Paul <1838-1908> - La scoperta delle Dolomiti 1862[https://caisidoc.cai.it/risultati-della-ricerca/detail/view/mnmt:catalog:10882]|Sposito, Livio. Paul Grohmann : guida biografica alle sue vie[https://caisidoc.cai.it/risultati-della-ricerca/detail/view/mnmt:catalog:127829]|[Ritratto di] Paul Grohmann[https://caisidoc.cai.it/risultati-della-ricerca/detail/view/mnmt:catalog:110671]				Wikipedia
item_130	Prima ascensione: Punta Gastaldi	Punta Gastaldi	FALSE				Prima ascensione			16/08/1884	1884	post	William Auguste Coolidge, Ulrich Almer 		British alpine expedition	William Auguste Coolidge, Ulrich Almer 					Wikipedia
item_131	Prima ascensione: Punta Gelas di Lourousa	Punta Gelas di Lourousa	FALSE		Silver age of alpinism		Prima ascensione			18/08/1879	1879	silver age	William Auguste Coolidge, Christian Almer, Ulrich Almer		British alpine expedition	William Auguste Coolidge, Christian Almer, Ulrich Almer					Wikipedia
item_132	Prima ascensione: Punta Grohmann	Punta Grohmann	FALSE		Silver age of alpinism, Prime Ascensioni sulle Dolomiti		Prima ascensione			1880	1880	silver age	Michl Innerkofler		Local guide-led ascent	Michl Innerkofler	Michl : Michl Innerkofler und Sextner Bergfuhrer : rifugi montagne guide alpine di Sesto / a cura di Bepi Pellegrinon ; testi di Camillo Berti, Rudolf Holzer, Bepi Pellegrinon ; con la collaborazione di Herbert Summerer e Kurt Stauder[https://caisidoc.cai.it/risultati-della-ricerca/detail/view/mnmt:catalog:40218]|Michel Innerkofler : guida alpina di Sesto / C. Berti[https://caisidoc.cai.it/risultati-della-ricerca/detail/view/mnmt:catalog:114913]				Wikipedia
item_133	Ipotesi sulla prima ascensione: Punta Penia	Punta Penia	FALSE		Golden age of alpinism		Ipotesi sulla prima ascensione	Concurrent Hypotesis		28 September 1864	1864	golden age	Paul Grohmann, Angelo Dimai, Fulgenzio Dimai		Austro-German alpine expedition	Paul Grohmann, Angelo Dimai, Fulgenzio Dimai	Grohmann, Paul <1838-1908> - Ascensioni alpinistiche - Dolomiti - Sec. 19. Wanderungen in den Dolomiten[https://caisidoc.cai.it/risultati-della-ricerca/detail/view/mnmt:catalog:12002]|Grohmann, Paul <1838-1908> - La scoperta delle Dolomiti 1862[https://caisidoc.cai.it/risultati-della-ricerca/detail/view/mnmt:catalog:10882]|Sposito, Livio. Paul Grohmann : guida biografica alle sue vie[https://caisidoc.cai.it/risultati-della-ricerca/detail/view/mnmt:catalog:127829]|[Ritratto di] Paul Grohmann[https://caisidoc.cai.it/risultati-della-ricerca/detail/view/mnmt:catalog:110671]				Wikipedia (EN), Wikipedia (DE), Wikipedia (IT), Wikipedia Table
item_134	Ipotesi sulla prima ascensione: Punta Penia	Punta Penia	FALSE		Golden age of alpinism		Ipotesi sulla prima ascensione	Concurrent Hypotesis		28 September 1864	1864	golden age	Paul Grohmann, Pellegrino Pellegrini, Angelo Dimai, Fulgenzio Dimai		Austro-German alpine expedition	Paul Grohmann, Pellegrino Pellegrini, Angelo Dimai, Fulgenzio Dimai	Grohmann, Paul <1838-1908> - Ascensioni alpinistiche - Dolomiti - Sec. 19. Wanderungen in den Dolomiten[https://caisidoc.cai.it/risultati-della-ricerca/detail/view/mnmt:catalog:12002]|Grohmann, Paul <1838-1908> - La scoperta delle Dolomiti 1862[https://caisidoc.cai.it/risultati-della-ricerca/detail/view/mnmt:catalog:10882]|Sposito, Livio. Paul Grohmann : guida biografica alle sue vie[https://caisidoc.cai.it/risultati-della-ricerca/detail/view/mnmt:catalog:127829]|[Ritratto di] Paul Grohmann[https://caisidoc.cai.it/risultati-della-ricerca/detail/view/mnmt:catalog:110671]				Wikipedia (FR)
item_135	Prima ascensione: Punta San Matteo	Punta San Matteo	FALSE		Silver age of alpinism		Prima ascensione			28/06/1865	1865	golden age	James Backhouse, George Henry Fox, Douglas William Freshfield, Francis Fox Tuckett	François Devouassoud, Peter Michel	British alpine expedition	James Backhouse, George Henry Fox, Douglas William Freshfield, Francis Fox Tuckett, François Devouassoud, Peter Michel					Wikipedia
item_136	Prima ascensione: Punta Sommeiller	Punta Sommeiller	FALSE		Silver age of alpinism		Prima ascensione			documentata:1871	1871	silver age	Martino Baretti		Italian alpine expedition	Martino Baretti				Roberto Aruga, Pietro Losana e Alberto Re, Alpi Cozie Settentrionali, Guida dei Monti d'Italia, Milano, Club Alpino Italiano e Touring Club Italiano, 1985.	Wikipedia
item_137	Prima ascensione: Roche de la Muzelle	Roche de la Muzelle	FALSE		Silver age of alpinism		Prima ascensione			02/07/1875	1875	silver age	William Auguste Coolidge, Christian Almer, Ulrich Almer		British alpine expedition	William Auguste Coolidge, Christian Almer, Ulrich Almer					Wikipedia
item_138	Prima ascensione: Sass de Stria	Sass de Stria	FALSE		Prime Ascensioni sulle Dolomiti		Prima ascensione			12/08/1899	1899	post	Giovanni Siorpaes		Local guide-led ascent	Giovanni Siorpaes					Wikipedia
item_139	Prima ascensione: Sasso Bianco	Sasso Bianco	FALSE		Prime Ascensioni sulle Dolomiti		Prima ascensione			19º novembre2005	2005	post			Local guide-led ascent						Wikipedia
item_140	Prima ascensione: Sasso di Bosconero	Sasso di Bosconero	FALSE		Prime Ascensioni sulle Dolomiti		Prima ascensione			19/09/1878	1878	silver age	Santo Siorpaes, Cesare Tomè, Gottfried Merzbacher		Austro-German alpine expedition	Santo Siorpaes, Cesare Tomè, Gottfried Merzbacher					Wikipedia
item_141	Prima ascensione: Sasso Pordoi	Sasso Pordoi	FALSE		Prime Ascensioni sulle Dolomiti		Prima ascensione			XIX secolo		proto-alpinism								Fabio Favaretto e Andrea Zannini, Gruppo di Sella, Guida dei Monti d'Italia, Milano, Club Alpino Italiano e Touring Club Italiano, 1991.	Wikipedia
item_142	Prima ascensione: Sasso Vernale	Sasso Vernale	FALSE		Prime Ascensioni sulle Dolomiti		Prima ascensione			12/07/1878	1878	silver age	Santo Siorpaes, Cesare Tomè, Gottfried Merzbacher, Giorgio Bernard		Austro-German alpine expedition	Santo Siorpaes, Cesare Tomè, Gottfried Merzbacher, Giorgio Bernard					Wikipedia
item_143	Prima ascensione: Sassolungo	Sassolungo	FALSE		Silver age of alpinism, Prime Ascensioni sulle Dolomiti		Prima ascensione			13/08/1869	1869	silver age	Paul Grohmann, Franz Innerkofler, Peter Salcher		Austro-German alpine expedition	Paul Grohmann, Franz Innerkofler, Peter Salcher	Grohmann, Paul <1838-1908> - Ascensioni alpinistiche - Dolomiti - Sec. 19. Wanderungen in den Dolomiten[https://caisidoc.cai.it/risultati-della-ricerca/detail/view/mnmt:catalog:12002]|Grohmann, Paul <1838-1908> - La scoperta delle Dolomiti 1862[https://caisidoc.cai.it/risultati-della-ricerca/detail/view/mnmt:catalog:10882]|Sposito, Livio. Paul Grohmann : guida biografica alle sue vie[https://caisidoc.cai.it/risultati-della-ricerca/detail/view/mnmt:catalog:127829]|[Ritratto di] Paul Grohmann[https://caisidoc.cai.it/risultati-della-ricerca/detail/view/mnmt:catalog:110671]				Wikipedia
item_144	Prima ascensione: Schiara	Schiara	FALSE		Prime Ascensioni sulle Dolomiti		Prima ascensione			17/09/1878	1878	silver age	Gottfried Merzbacher	Cesare Tomè, Santo Siorpaes	Austro-German alpine expedition	Gottfried Merzbacher, Cesare Tomè, Santo Siorpaes					Wikipedia
item_145	Prima ascensione: Strahlhorn	Strahlhorn	FALSE		Golden age of alpinism		Prima ascensione			15/08/1854	1854	golden age			Local guide-led ascent						Wikipedia
item_146	Prima ascensione: Testa della Tribolazione	Testa della Tribolazione	FALSE				Prima ascensione			11/08/1885	1885	post	William Auguste Coolidge, George Yeld	Christian Almer, Séraphin Henry, Joseph-Antoine Jeantet	British alpine expedition	William Auguste Coolidge, George Yeld, Christian Almer, Séraphin Henry, Joseph-Antoine Jeantet				[1]	Wikipedia
item_147	Ipotesi sulla prima ascensione: Titlis	Titlis	FALSE				Ipotesi sulla prima ascensione	Conflicting Hypothesis		25 Jul 1744	1744	proto-alpinism	Ignaz Herz, Josef Eugen Waser and 2 others		Franco-Swiss alpine expedition	Ignaz Herz, Josef Eugen Waser and 2 others					Wikipedia
item_148	Ipotesi sulla prima ascensione: Titlis	Titlis	FALSE				Ipotesi sulla prima ascensione	Conflicting Hypothesis		1739	1739	proto-alpinism			Local guide-led ascent						Wikipedia
item_149	Prima ascensione: Torre di Castelfranco	Torre di Castelfranco	FALSE		Golden age of alpinism		Prima ascensione			1861	1861	golden age	Francis Fox Tuckett, John Tyndall		British alpine expedition	Francis Fox Tuckett, John Tyndall					Wikipedia
item_150	Prima ascensione: Tour Ronde	Tour Ronde	FALSE		Silver age of alpinism		Prima ascensione			22/07/1867	1867	silver age	James Backhouse, T.H. Carson, Douglas William Freshfield, Charles Comyns Tucker, Daniel Balleys, Michel-Clément Payot		British alpine expedition	James Backhouse, T.H. Carson, Douglas William Freshfield, Charles Comyns Tucker, Daniel Balleys, Michel-Clément Payot					Wikipedia
item_151	Prima ascensione: Cima Grande (Tre Cime di Lavaredo)	Cima Grande (Tre Cime di Lavaredo)	FALSE		Silver age of alpinism, Prime Ascensioni sulle Dolomiti		Prima ascensione	Undisputed		21/08/1869	1869	silver age	Paul Grohmann	Franz Innerkofler, Peter Salcher	Austro-German alpine expedition	Paul Grohmann, Franz Innerkofler, Peter Salcher	Grohmann, Paul <1838-1908> - Ascensioni alpinistiche - Dolomiti - Sec. 19. Wanderungen in den Dolomiten[https://caisidoc.cai.it/risultati-della-ricerca/detail/view/mnmt:catalog:12002]|Grohmann, Paul <1838-1908> - La scoperta delle Dolomiti 1862[https://caisidoc.cai.it/risultati-della-ricerca/detail/view/mnmt:catalog:10882]|Sposito, Livio. Paul Grohmann : guida biografica alle sue vie[https://caisidoc.cai.it/risultati-della-ricerca/detail/view/mnmt:catalog:127829]|[Ritratto di] Paul Grohmann[https://caisidoc.cai.it/risultati-della-ricerca/detail/view/mnmt:catalog:110671]				Wikipedia, Wikipedia Table
item_152	Prima ascensione: Trettachspitze	Trettachspitze	FALSE		Golden age of alpinism		Prima ascensione			1855	1855	golden age			Local guide-led ascent						Wikipedia
item_153	Prima ascensione: Uia di Bessanese	Uia di Bessanese	FALSE		Golden age of alpinism		Prima ascensione			31/08/1857	1857	golden age	Antonio Tonini		Italian alpine expedition	Antonio Tonini				Giulio Berutto e Lino Fornelli, Alpi Graie Meridionali, Guida dei Monti d'Italia, Milano, Club Alpino Italiano e Touring Club Italiano, 1980, ISBN 978-88-365-0077-2.	Wikipedia
item_154	Prima ascensione: Vezzana	Vezzana	FALSE		Prime Ascensioni sulle Dolomiti		Prima ascensione			23/06/1878	1878	silver age	Douglas William Freshfield, Charles Comyns Tucker		British alpine expedition	Douglas William Freshfield, Charles Comyns Tucker					Wikipedia
item_155	Prima ascensione: Watzmann	Watzmann	FALSE				Prima ascensione			01/08/1800	1800	proto-alpinism	Valentin Stanič		Austro-German alpine expedition	Valentin Stanič					Wikipedia, Wikipedia Table
item_156	Prima ascensione: Weisshorn	Weisshorn	FALSE		Golden age of alpinism		Prima ascensione			19/08/1861	1861	golden age	John Tyndall	Johann Joseph Bennen, Ulrich Wenger	British alpine expedition	John Tyndall, Johann Joseph Bennen, Ulrich Wenger				Peter Zimmermann, Valentin Stanič – Bergsteiger, Schriftsteller, Wohltäter. Eigenverlag der Bayerisch-Slowenischen Gesellschaft, Regensburg 2000.  Studer, Vol 2, pp. 145-6	Wikipedia, Wikipedia Table
item_157	Prima ascensione: Wildspitze	Wildspitze	FALSE				Prima ascensione			Aug 1848	1848	proto-alpinism	Leander Klotz, fellow local farmer		Local guide-led ascent	Leander Klotz, fellow local farmer				Erschliessung 2, 251-7	Wikipedia
item_158	Prima ascensione: Zugspitze	Zugspitze	FALSE				Prima ascensione			27/08/1820	1820	proto-alpinism	Josef Naus, Maier Tauschl, Johann Georg Tauschl		Austro-German alpine expedition	Josef Naus, Maier Tauschl, Johann Georg Tauschl				Erschliessung 1,121-2. Local people had climbed Zugspitze over 50 years earlier, according to a 1770 map discovered by the Alpenverein	Wikipedia, Wikipedia Table
item_159	Ipotesi sulla prima ascensione: Aiguille de la Grande Sassière	Aiguille de la Grande Sassière	FALSE				Ipotesi sulla prima ascensione	Conflicting Hypothesis	ca. 1808	1808	1808	proto-alpinism	Bertrand Chaudan, others from Tignes			Bertrand Chaudan, others from Tignes				W.A.B. Coolidge, The Alps in nature and history, E.P. Dutton publishers, New York, 1908, p. 398	Wikipedia Table
item_160	Ipotesi sulla prima ascensione: Aiguille de la Grande Sassière	Aiguille de la Grande Sassière	FALSE		Golden age of alpinism		Ipotesi sulla prima ascensione	Conflicting Hypothesis		05/08/1860	1860	golden age	William Mathews, Michel Croz		British alpine expedition	William Mathews, Michel Croz				Alessandro Giorgetta, Alpi Graie Centrali, Guida dei Monti d'Italia, Milano, Club Alpino Italiano e Touring Club Italiano, 1985.	Wikipedia
item_161	Prima ascensione: Aiguille de Leschaux	Aiguille de Leschaux	FALSE		Silver age of alpinism		Prima ascensione			14/07/1872	1872	silver age	James Aubrey-Garth-Marshall, Thomas Stuard Kennedy	Johann Fischer, Julien Grange	British alpine expedition	James Aubrey-Garth-Marshall, Thomas Stuard Kennedy, Johann Fischer, Julien Grange					Wikipedia
item_162	Prima ascensione: Albaron di Sea	Albaron di Sea	FALSE				Prima ascensione			19/07/1886	1886	post	Giuseppe Corrà	Michele Ricchiardi	Italian alpine expedition	Giuseppe Corrà, Michele Ricchiardi					Wikipedia
item_163	Prima ascensione: Castore (monte)	Castore (monte)	FALSE		Golden age of alpinism		Prima ascensione			23/08/1861	1861	golden age	Frederick William Jacomb, William Mathews	Michel Croz	British alpine expedition	Frederick William Jacomb, William Mathews, Michel Croz					Wikipedia
item_164	Prima ascensione: Cima Leitosa	Cima Leitosa	FALSE				Prima ascensione			13/07/1886	1886	post	Giuseppe Corrà, Michele Ricchiardi		Italian alpine expedition	Giuseppe Corrà, Michele Ricchiardi					Wikipedia
item_165	Prima ascensione: Cima Tosa	Cima Tosa	FALSE		Silver age of alpinism		Prima ascensione			20/07/1865	1865	golden age	Giuseppe Loss	con 6 compagni	Italian alpine expedition	Giuseppe Loss, con 6 compagni					Wikipedia
item_166	Prima ascensione: Dent Blanche	Dent Blanche	FALSE		Golden age of alpinism		Prima ascensione			18/07/1862	1862	golden age	Jean-Baptiste Croz, Johann Kronig, William Wigram, Thomas Stuart Kennedy		British alpine expedition	Jean-Baptiste Croz, Johann Kronig, William Wigram, Thomas Stuart Kennedy				T. S. Kennedy, Ascent of the Dent Blanche, in The alpine journal, Alpine Club, Londra, 1864; pagg. 33-39  Studer, Vol 2, pp. 190-1	Wikipedia
item_167	Prima ascensione: Dobratsch	Dobratsch	FALSE				Prima ascensione			1794	1794	proto-alpinism	Franz von Hohenwart		Austro-German alpine expedition	Franz von Hohenwart					Wikipedia
item_168	Prima ascensione: Furchetta	Furchetta	FALSE		Silver age of alpinism, Prime Ascensioni sulle Dolomiti		Prima ascensione			1880	1880	silver age	Johann Santner		Austro-German alpine expedition	Johann Santner					Wikipedia
item_169	Prima ascensione: Grand Pilier d'Angle	Grand Pilier d'Angle	FALSE				Prima ascensione			03/08/1957	1957	post	Walter Bonatti		Italian alpine expedition	Walter Bonatti					Wikipedia
item_170	Prima ascensione: Grande Tête de By	Grande Tête de By	FALSE				Prima ascensione			07/07/1894	1894	post	Max Rosenmund		Franco-Swiss alpine expedition	Max Rosenmund					Wikipedia
item_171	Prima ascensione: Grosse Sandspitze	Grosse Sandspitze	FALSE		Silver age of alpinism		Prima ascensione			02/07/1866	1866	silver age	Franz Mitterhofer		Austro-German alpine expedition	Franz Mitterhofer					Wikipedia
item_172	Prima ascensione: Hochstuhl	Hochstuhl	FALSE				Prima ascensione			1794	1794	proto-alpinism	Franz von Hohenwart		Austro-German alpine expedition	Franz von Hohenwart				William Mathews, Ascent of Monte Visto, Peaks, Passes, and Glaciers, Volume 2, pp 148-177, London: Longman, Green, Longman, and Roberts, 1862	Wikipedia, Wikipedia Table
item_173	Prima ascensione: Monte Gelé	Monte Gelé	FALSE		Golden age of alpinism		Prima ascensione			11/08/1861	1861	golden age	Frederick William Jacomb, Jean-Baptiste Croze, Michel Croz		British alpine expedition	Frederick William Jacomb, Jean-Baptiste Croze, Michel Croz				Gino Buscaini, Alpi Pennine, vol. I, Guida dei Monti d'Italia, Milano, Club Alpino Italiano e Touring Club Italiano, 1971.	Wikipedia
item_174	Prima ascensione: Monviso	Monviso	FALSE		Golden age of alpinism		Prima ascensione			30/08/1861	1861	golden age	William Mathews, Frederick William Jacomb, Jean-Baptiste Croz, Michel Croz		British alpine expedition	William Mathews, Frederick William Jacomb, Jean-Baptiste Croz, Michel Croz					Wikipedia
item_175	Prima ascensione: Punta Santner	Punta Santner	FALSE		Silver age of alpinism, Prime Ascensioni sulle Dolomiti		Prima ascensione			07/07/1880	1880	silver age	Johann Santner		Austro-German alpine expedition	Johann Santner					Wikipedia
item_176	Prima ascensione: Punta Thurwieser	Punta Thurwieser	FALSE		Silver age of alpinism		Prima ascensione			1869	1869	silver age	Theodor Harpprecht, Joseph Schnell		Austro-German alpine expedition	Theodor Harpprecht, Joseph Schnell					Wikipedia
item_177	Prima ascensione: Rocca la Meja	Rocca la Meja	FALSE				Prima ascensione			17/09/1895	1895	post	Giovanni Bobba		Italian alpine expedition	Giovanni Bobba					Wikipedia
item_178	Prima ascensione: Rocca Pagana	Rocca Pagana	FALSE				Prima ascensione			estate 1958 sulla Guglia ovest	vest	#VALUE!	Italo Salvi, Nella Depretto		Italian alpine expedition	Italo Salvi, Nella Depretto					Wikipedia
item_179	Prima ascensione: Rocciamelone	Rocciamelone	FALSE				Prima ascensione			01/09/1358	1358	proto-alpinism	Bonifacio Rotario D'Asti		Italian alpine expedition	Bonifacio Rotario D'Asti					Wikipedia
item_180	Prima ascensione: Balmhorn	Balmhorn	FALSE		Golden age of alpinism		Prima ascensione			21/07/1864	1864	golden age	Frank Walker, Horace Walker, Lucy Walker	Jakob Anderegg, Melchior Anderegg	British alpine expedition	Frank Walker, Horace Walker, Lucy Walker, Jakob Anderegg, Melchior Anderegg					Wikipedia
item_181	Prima ascensione: Barre des Écrins	Barre des Écrins	FALSE		Golden age of alpinism		Prima ascensione			1864	1864	golden age	Adolphus Warburton Moore, Horace Walker, Edward Whymper	Michel Croz, Christian Almer	British alpine expedition	Adolphus Warburton Moore, Horace Walker, Edward Whymper, Michel Croz, Christian Almer					Wikipedia, Wikipedia Table
item_182	Prima ascensione: Cima d'Asta	Cima d'Asta	FALSE		Prime Ascensioni sulle Dolomiti		Prima ascensione			1906	1906	post	Pompeo Tomaselli		Italian alpine expedition	Pompeo Tomaselli					Wikipedia
item_183	Prima ascensione: Cima di Valeille	Cima di Valeille	FALSE				Prima ascensione			14/09/1893	1893	post	Giovanni Bobba	Casimire Thérisod	Italian alpine expedition	Giovanni Bobba, Casimire Thérisod					Wikipedia
item_184	Prima ascensione: Obergabelhorn	Obergabelhorn	FALSE		Silver age of alpinism		Prima ascensione			06/07/1865	1865	golden age	Adolphus Warburton Moore, Horace Walker, Jakob Anderegg		British alpine expedition	Adolphus Warburton Moore, Horace Walker, Jakob Anderegg				Studer, Vol 2, pp. 322-3	Wikipedia, Wikipedia Table
item_185	Prima ascensione: Pigne d'Arolla	Pigne d'Arolla	FALSE		Silver age of alpinism		Prima ascensione			09/07/1865	1865	golden age	Adolphus Warburton Moore, Horace Walker, Jakob Anderegg		British alpine expedition	Adolphus Warburton Moore, Horace Walker, Jakob Anderegg					Wikipedia
item_186	Ipotesi sulla prima ascensione: Pilatus	Pilatus	FALSE				Ipotesi sulla prima ascensione	Conflicting Hypothesis		1387	1387	proto-alpinism	Niklaus Bruder, Five other clerics		Franco-Swiss alpine expedition	Niklaus Bruder, Five other clerics					Wikipedia Table, https://hls-dhs-dss.ch/it/articles/008569/2013-07-17/#HLaABscopertaBBdelleAlpi
item_187	Ipotesi sulla prima ascensione: Pilatus	Pilatus	FALSE				Ipotesi sulla prima ascensione	Conflicting Hypothesis		1518	1518	proto-alpinism	Joachim Vadiano		Franco-Swiss alpine expedition	Joachim Vadiano					Wikipedia
item_188	Prima ascensione: Piz Roseg	Piz Roseg	FALSE		Silver age of alpinism		Prima ascensione			28/06/1865	1865	golden age	Adolphus Warburton Moore, Horace Walker	Jakob Anderegg	British alpine expedition	Adolphus Warburton Moore, Horace Walker, Jakob Anderegg				Silvio Saglio, Bernina, Guida dei Monti d'Italia, Milano, Club Alpino Italiano e Touring Club Italiano, 1959. Studer, Vol 3, pp. 130-3	Wikipedia, Wikipedia Table
item_189	Prima ascensione: Grummetkopf	Grummetkopf	FALSE				Prima ascensione			05/10/1913	1913	post	Hans Reinl, Anton Steinmaier, Felix Steinmaier		Austro-German alpine expedition	Hans Reinl, Anton Steinmaier, Felix Steinmaier					Wikipedia
item_190	Prima ascensione: Monte Lera (Valle di Viù)	Monte Lera (Valle di Viù)	FALSE		Silver age of alpinism		Prima ascensione			15/09/1873	1873	silver age	Martino Baretti	Giuseppe Cibrario	Italian alpine expedition	Martino Baretti, Giuseppe Cibrario					Wikipedia
item_191	Prima ascensione: Monveso di Forzo	Monveso di Forzo	FALSE		Silver age of alpinism		Prima ascensione			07/08/1867	1867	silver age	Martino Baretti	Giulio Rastoldo, detto Egidio	Italian alpine expedition	Martino Baretti, Giulio Rastoldo, detto Egidio				[1]	Wikipedia
item_192	Prima ascensione: Ortles	Ortles	FALSE				Prima ascensione			27/09/1804	1804	proto-alpinism	Joseph Pichler		Austro-German alpine expedition	Joseph Pichler					Wikipedia
item_193	Prima ascensione: Pierre Menue	Pierre Menue	FALSE		Silver age of alpinism		Prima ascensione			03/08/1875	1875	silver age	Martino Baretti	Pietro Medail, Augusto Sibille	Italian alpine expedition	Martino Baretti, Pietro Medail, Augusto Sibille				[1]	Wikipedia
item_194	Prima ascensione: Punta Baretti	Punta Baretti	FALSE		Silver age of alpinism		Prima ascensione			28/07/1880	1880	silver age	Jean-Joseph Maquignaz, Martino Baretti		Italian alpine expedition	Jean-Joseph Maquignaz, Martino Baretti					Wikipedia
item_195	Prima ascensione: Freyaturm	Freyaturm	FALSE				Prima ascensione			15/06/1913	1913	post	Hans Reinl, Anton Steinmaier, Felix Steinmaier		Austro-German alpine expedition	Hans Reinl, Anton Steinmaier, Felix Steinmaier					Wikipedia
item_196	Prima ascensione: Punta Fourà	Punta Fourà	FALSE		Silver age of alpinism		Prima ascensione			1867	1867	silver age	Martino Baretti	 A. Blanchetti	Italian alpine expedition	Martino Baretti,  A. Blanchetti				[1]	Wikipedia
item_197	Prima ascensione: Punta Lunella	Punta Lunella	FALSE		Silver age of alpinism		Prima ascensione			23/06/1873	1873	silver age	Martino Baretti	Giuseppe Cibrario	Italian alpine expedition	Martino Baretti, Giuseppe Cibrario				[1]	Wikipedia
item_198	Prima ascensione: Aiguille du Grépon	Aiguille du Grépon	FALSE		Silver age of alpinism		Prima ascensione		Dicono anche 3 agosto 1881	05/08/1881	1881	silver age	Albert Frederick Mummery	Alexander Burgener, Benedikt Venetz	British alpine expedition	Albert Frederick Mummery, Alexander Burgener, Benedikt Venetz					Wikipedia, Wikipedia Table
item_199	Prima ascensione: Allalinhorn	Allalinhorn	FALSE		Golden age of alpinism		Prima ascensione			28/08/1856	1856	golden age	Franz-Josef Andenmatten, Edward Levi Ames, Member of Imseng family		British alpine expedition	Franz-Josef Andenmatten, Edward Levi Ames, Member of Imseng family					Wikipedia
item_200	Prima ascensione: Becca di Chardoney	Becca di Chardoney	FALSE				Prima ascensione			22/08/1882	1882	silver age	Arthur Cust	Xaver Andermatten	British alpine expedition	Arthur Cust, Xaver Andermatten				[1]	Wikipedia
item_201	Prima ascensione: Blinnenhorn	Blinnenhorn	FALSE		Silver age of alpinism		Prima ascensione			1881	1881	silver age	Arthur Cust		British alpine expedition	Arthur Cust					Wikipedia
item_202	Prima ascensione: Campanile Alto	Campanile Alto	FALSE				Prima ascensione			27/07/1885	1885	post	Gottfried Merzbacher	Bonifacio Nicolussi	Austro-German alpine expedition	Gottfried Merzbacher, Bonifacio Nicolussi					Wikipedia
item_203	Prima ascensione: Dürrenhorn	Dürrenhorn	FALSE		Silver age of alpinism		Prima ascensione			07/09/1879	1879	silver age	Albert Frederick Mummery, William Penhall	Alexander Burgener, Ferdinand Imseng	British alpine expedition	Albert Frederick Mummery, William Penhall, Alexander Burgener, Ferdinand Imseng					Wikipedia
item_204	Prima ascensione: Lagginhorn	Lagginhorn	FALSE		Golden age of alpinism		Prima ascensione			26/08/1856	1856	golden age	Edward Levi Ames, Franz Andenmatten, Johann Josef Imseng		British alpine expedition	Edward Levi Ames, Franz Andenmatten, Johann Josef Imseng					Wikipedia
item_205	Prima ascensione: Aiguille de la Vanoise	Aiguille de la Vanoise	FALSE				Prima ascensione			12/09/1911	1911	post	Marie-Antoinette Vernay	Marcellin Amiez	Franco-Swiss alpine expedition	Marie-Antoinette Vernay, Marcellin Amiez					Wikipedia
item_206	Prima ascensione: Dômes de Miage	Dômes de Miage	FALSE		Golden age of alpinism		Prima ascensione			02/09/1858	1858	golden age	Edmund Thomas Coleman	Frédéric Mollard, Joseph Jacquemont	British alpine expedition	Edmund Thomas Coleman, Frédéric Mollard, Joseph Jacquemont				Renato Chabod, Lorenzo Grivel, Silvio Saglio, Monte Bianco, vol. I, Guida dei Monti d'Italia, Milano, Club Alpino Italiano e Touring Club Italiano, 1963.	Wikipedia
item_207	Prima ascensione: Eiger	Eiger	TRUE	La temuta parete nord dell'Eiger, conquistata da Anderl Heckmair, Ludwig Vörg, Heinrich Harrer e Fritz Kasparek.	Golden age of alpinism		Prima ascensione			11/08/1858	1858	golden age	Charles Barrington	Christian Almer, Peter Bohren	British alpine expedition	Charles Barrington, Christian Almer, Peter Bohren				Studer, Vol 1, pp. 102-8	Wikipedia, Wikipedia Table, https://www.mountlive.com/quel-24-luglio-1938-sulla-parete-nord-delleiger/
item_208	Prima ascensione: Gran Paradiso	Gran Paradiso	FALSE		Golden age of alpinism		Prima ascensione			04/09/1860	1860	golden age	John Jeremy Cowell, William Dundas	Michel-Clément Payot, Jean Tairraz	British alpine expedition	John Jeremy Cowell, William Dundas, Michel-Clément Payot, Jean Tairraz				J.J. Cowell, Two Ascents of the Grand Paradis, Peaks, Passes, and Glaciers, Volume 2, pp 408-426, London: Longman, Green, Longman, and Roberts, 1862	Wikipedia, Wikipedia Table
item_209	Prima ascensione: Klein Fiescherhorn	Klein Fiescherhorn	FALSE		Golden age of alpinism		Prima ascensione			1864	1864	golden age	Edmund von Fellenberg	Peter Inäbit, Ulrich Kaufmann, Peter Kaufmann	Austro-German alpine expedition	Edmund von Fellenberg, Peter Inäbit, Ulrich Kaufmann, Peter Kaufmann					Wikipedia
item_210	Prima ascensione: Picco Gugliermina	Picco Gugliermina	FALSE				Prima ascensione			24/08/1914	1914	post	Giovanni Battista Gugliermina, Francesco Ravelli		Italian alpine expedition	Giovanni Battista Gugliermina, Francesco Ravelli					Wikipedia
item_211	Prima ascensione: Picco Luigi Amedeo	Picco Luigi Amedeo	FALSE				Prima ascensione			20/07/1901	1901	post	Giovanni Battista Gugliermina, Giuseppe Fortunato Gugliermina	Joseph Brocherel	Italian alpine expedition	Giovanni Battista Gugliermina, Giuseppe Fortunato Gugliermina, Joseph Brocherel					Wikipedia
item_212	Prima ascensione: Picco Muzio	Picco Muzio	FALSE				Prima ascensione			04/09/1953	1953	post	Luigi Carrel	Italo Muzio, l’Abbé Louis Maquignaz	Italian alpine expedition	Luigi Carrel, Italo Muzio, l’Abbé Louis Maquignaz					Wikipedia
item_213	Prima ascensione: Punta di Valle	Punta di Valle	FALSE				Prima ascensione			1878	1878	silver age	Rudolf Seyerlen, Stephan Kirchler		Austro-German alpine expedition	Rudolf Seyerlen, Stephan Kirchler					Wikipedia
item_214	Prima ascensione: Punta Nordend	Punta Nordend	FALSE		Golden age of alpinism		Prima ascensione			26/08/1861	1861	golden age	Thomas Fowell Buxton, Edward North Buxton, John Jeremy Cowell, Michel-Clément Payot		British alpine expedition	Thomas Fowell Buxton, Edward North Buxton, John Jeremy Cowell, Michel-Clément Payot					Wikipedia
item_215	Prima ascensione: Le Pavé	Le Pavé	FALSE		Silver age of alpinism		Prima ascensione			19/07/1879	1879	silver age	William Auguste Coolidge	Christian Almer padre e figli	British alpine expedition	William Auguste Coolidge, Christian Almer padre e figli					Wikipedia
item_216	Prima ascensione: Mont Ventoux	Mont Ventoux	FALSE				Prima ascensione			1336	1336	proto-alpinism	Francesco Petrarca		Italian alpine expedition	Francesco Petrarca					Wikipedia
item_217	Prima ascensione: Montagne des Agneaux	Montagne des Agneaux	FALSE		Silver age of alpinism		Prima ascensione			17/07/1873	1873	silver age	William Auguste Coolidge	Christian Almere Christian Roth	British alpine expedition	William Auguste Coolidge, Christian Almere Christian Roth					Wikipedia
item_218	Prima ascensione: Pizzo Coca	Pizzo Coca	FALSE		Silver age of alpinism		Prima ascensione			01/07/1877	1877	silver age	Antonio Baroni		Italian alpine expedition	Antonio Baroni				[1]	Wikipedia
item_219	Prima ascensione: Pizzo del Diavolo della Malgina	Pizzo del Diavolo della Malgina	FALSE				Prima ascensione			1 settembre 1876[1]	1876	silver age	Emilio Torri, Antonio Baroni		Italian alpine expedition	Emilio Torri, Antonio Baroni					Wikipedia
item_220	Prima ascensione: Pizzo Recastello	Pizzo Recastello	FALSE		Silver age of alpinism		Prima ascensione			04/09/1876	1876	silver age	Antonio Baroni, Emilio Torri		Italian alpine expedition	Antonio Baroni, Emilio Torri				[1]	Wikipedia
item_221	Prima ascensione: Punta Budden (Alpi Graie)	Punta Budden (Alpi Graie)	FALSE				Prima ascensione			05/08/1885	1885	post	George Yeld	Séraphin Henry, Joseph-Antoine Jeantet	British alpine expedition	George Yeld, Séraphin Henry, Joseph-Antoine Jeantet				[1]	Wikipedia
item_222	Prima ascensione: Punta Tersiva	Punta Tersiva	FALSE				Prima ascensione			23/08/1842	1842	proto-alpinism	Pierre-Balthazar Chamonin		Franco-Swiss alpine expedition	Pierre-Balthazar Chamonin					Wikipedia
item_223	Prima ascensione: Piramide Vincent	Piramide Vincent	FALSE				Prima ascensione			05/08/1819	1819	proto-alpinism	Nicolas Vincent, Joseph Vincent		Franco-Swiss alpine expedition	Nicolas Vincent, Joseph Vincent				[1]	Wikipedia
item_224	Prima ascensione: Weissmies	Weissmies	FALSE		Golden age of alpinism		Prima ascensione			25 Aug 1855	1855	golden age	Jakob Christian Häusser, Peter Josef Zurbriggen		Austro-German alpine expedition	Jakob Christian Häusser, Peter Josef Zurbriggen				Helmut Dumler and Willi P. Burkhardt, The High Mountains of the Alps, London: Diadem, 1994, page 62	Wikipedia, Wikipedia Table
item_225	Prima ascensione: Monte Disgrazia	Monte Disgrazia	FALSE		Golden age of alpinism		Prima ascensione			24/08/1862	1862	golden age	Leslie Stephen, Edward Shirley Kennedy, Melchior Anderegg, Thomas Cox		British alpine expedition	Leslie Stephen, Edward Shirley Kennedy, Melchior Anderegg, Thomas Cox				Studer, Vol 3, pp. 206-8	Wikipedia, Wikipedia Table
item_226	Prima ascensione: Aiguille du Plat de la Selle	Aiguille du Plat de la Selle	FALSE		Silver age of alpinism		Prima ascensione			28/06/1876	1876	silver age	Henri Cordier	Jakob Anderegg, Andreas Maurer	Franco-Swiss alpine expedition	Henri Cordier, Jakob Anderegg, Andreas Maurer					Wikipedia
item_227	Prima ascensione: Becco di Mezzodì	Becco di Mezzodì	FALSE		Silver age of alpinism, Prime Ascensioni sulle Dolomiti		Prima ascensione			05/07/1872	1872	silver age	Santo Siorpaes, William Edward Utterson-Kelso		British alpine expedition	Santo Siorpaes, William Edward Utterson-Kelso					Wikipedia
item_228	Prima ascensione: Brec de Chambeyron	Brec de Chambeyron	FALSE				Prima ascensione			20/06/1878	1878	silver age	Paul Agnel, Joseph Risoul		Franco-Swiss alpine expedition	Paul Agnel, Joseph Risoul					Wikipedia
item_229	Prima ascensione: Breithorn (Lauterbrunnen)	Breithorn (Lauterbrunnen)	FALSE		Silver age of alpinism		Prima ascensione			31/07/1865	1865	golden age	Edmund von Fellenberg	Johann Bischoff, Peter Egger, Peter Inäbnit, Peter Michel from Lauterbrunnen and Grindelwald 	Austro-German alpine expedition	Edmund von Fellenberg, Johann Bischoff, Peter Egger, Peter Inäbnit, Peter Michel from Lauterbrunnen and Grindelwald 					Wikipedia
item_230	Prima ascensione: Campanile Basso	Campanile Basso	FALSE				Prima ascensione			18/08/1899	1899	post	Otto Ampferer, Karl Berger		Austro-German alpine expedition	Otto Ampferer, Karl Berger				Ewald Weiss, Campanile Basso/Guglia di Brenta, 100 Jahre Alpingeschichte am "Welträtsel am Stein", 1999	Wikipedia, Wikipedia Table
item_231	Prima ascensione: Fletschhorn	Fletschhorn	FALSE		Golden age of alpinism		Prima ascensione			08/08/1854	1854	golden age	Michael Amherdt	Johannes Zumkemmi, Friedrich Clause	Franco-Swiss alpine expedition	Michael Amherdt, Johannes Zumkemmi, Friedrich Clause					Wikipedia
item_232	Prima ascensione: Galenstock	Galenstock	FALSE				Prima ascensione			18/08/1845	1845	proto-alpinism	Eduard Desor senior, Eduard Desor junior, Daniel Dollfus-Ausset	H. Währen, Melchior Bannholzer, P. Brigger, H. Jaun	Franco-Swiss alpine expedition	Eduard Desor senior, Eduard Desor junior, Daniel Dollfus-Ausset, H. Währen, Melchior Bannholzer, P. Brigger, H. Jaun					Wikipedia
item_233	Prima ascensione: Grünhorn	Grünhorn	FALSE		Silver age of alpinism		Prima ascensione			07/08/1865	1865	golden age	Edmund von Fellenberg	Peter Michel, Peter Egger, Peter Inäbnit	Austro-German alpine expedition	Edmund von Fellenberg, Peter Michel, Peter Egger, Peter Inäbnit					Wikipedia
item_234	Prima ascensione: Mont Blanc du Tacul	Mont Blanc du Tacul	FALSE		Golden age of alpinism		Prima ascensione			08/08/1855	1855	golden age	Charles Hudson		British alpine expedition	Charles Hudson					Wikipedia
item_235	Prima ascensione: Punta Rossa della Grivola	Punta Rossa della Grivola	FALSE		Golden age of alpinism		Prima ascensione			1864	1864	golden age	Hugh de Fellenberg Montgomery, Sedley Taylor, Johann Tannler		British alpine expedition	Hugh de Fellenberg Montgomery, Sedley Taylor, Johann Tannler					Wikipedia
item_236	Prima ascensione: Rimpfischhorn	Rimpfischhorn	FALSE		Golden age of alpinism		Prima ascensione			09/09/1859	1859	golden age	Leslie Stephen, Robert Liveing	Melchior Anderegg, Johannes Zumtaugwald	British alpine expedition	Leslie Stephen, Robert Liveing, Melchior Anderegg, Johannes Zumtaugwald				Wolfgang Pusch, Helmut Dumler, Willi P. Burkhardt, Viertausender der Alpen, Bergverlag Rother GmbH, 2013, p. 103	Wikipedia, Wikipedia Table
item_237	Prima ascensione: Cimon della Pala	Cimon della Pala	FALSE		Silver age of alpinism, Prime Ascensioni sulle Dolomiti		Prima ascensione			03/06/1870	1870	silver age	Edward Robson Whitwell, Santo Siorpaes, Christian Lauener		British alpine expedition	Edward Robson Whitwell, Santo Siorpaes, Christian Lauener					Wikipedia
item_238	Prima ascensione: Becca di Moncorvé	Becca di Moncorvé	FALSE				Prima ascensione			12/08/1885	1885	post	Luigi Vaccarone		Italian alpine expedition	Luigi Vaccarone					Wikipedia
item_239	Prima ascensione: Levanna Occidentale	Levanna Occidentale	FALSE		Golden age of alpinism		Prima ascensione			1857	1857	golden age	Antonio Tonini		Italian alpine expedition	Antonio Tonini					Wikipedia
item_240	Prima ascensione: Wildstrubel	Wildstrubel	FALSE		Golden age of alpinism		Prima ascensione			11/09/1858	1858	golden age	Leslie Stephen, Thomas Woodbine Hinchliff	Melchior Anderegg	British alpine expedition	Leslie Stephen, Thomas Woodbine Hinchliff, Melchior Anderegg					Wikipedia
item_241	Prima ascensione: Piz Popena	Piz Popena	FALSE		Silver age of alpinism, Prime Ascensioni sulle Dolomiti		Prima ascensione			16/06/1870	1870	silver age	Santo Siorpaes, Christian Lauener, Edwards Robson Whitwell		British alpine expedition	Santo Siorpaes, Christian Lauener, Edwards Robson Whitwell					Wikipedia
item_242	Prima ascensione: Alphubel	Alphubel	FALSE		Golden age of alpinism		Prima ascensione			09/08/1860	1860	golden age	Leslie Stephen, Thomas Woodbine Hinchliff	Melchior Anderegg, Peter Perren	British alpine expedition	Leslie Stephen, Thomas Woodbine Hinchliff, Melchior Anderegg, Peter Perren					Wikipedia
item_243	Prima ascensione: Pioda di Sciora	Pioda di Sciora	FALSE				Prima ascensione			12/07/1891	1891	post	Anton von Rydzewski	Mansueto Barbaria, Christian Klucker	International / mixed expedition	Anton von Rydzewski, Mansueto Barbaria, Christian Klucker					Wikipedia
item_244	Prima ascensione: Cima di Moia	Cima di Moia	FALSE		Golden age of alpinism		Prima ascensione			1863	1863	golden age	Karl von Sonklar		Austro-German alpine expedition	Karl von Sonklar					Wikipedia
item_245	Ipotesi sulla prima ascensione: Pizzo Tambò	Pizzo Tambò	FALSE				Ipotesi sulla prima ascensione	Conflicting Hypothesis		1828	1828	proto-alpinism	Johann Jakob Sulzberger		Franco-Swiss alpine expedition	Johann Jakob Sulzberger				Paul Caminada, Pioniere der Alpentopographie: die Geschichte der Schweizer Kartenkunst, AS Verlag, 2003. Page 96	Wikipedia Table
item_246	Ipotesi sulla prima ascensione: Pizzo Tambò	Pizzo Tambò	FALSE		Golden age of alpinism		Ipotesi sulla prima ascensione	Conflicting Hypothesis		01/07/1859	1859	golden age	Johann Jacob Weilenmann		Austro-German alpine expedition	Johann Jacob Weilenmann					Wikipedia
item_247	Prima ascensione: Cima di Ghez	Cima di Ghez	FALSE				Prima ascensione			non definita		proto-alpinism	Unknown hunters			Unknown hunters					Wikipedia
item_248	Ipotesi sulla prima ascensione: Mangart	Mangart	FALSE				Ipotesi sulla prima ascensione	Conflicting Hypothesis		Jul 1786	1786	proto-alpinism	Franz Xaver von Wulfen		Austro-German alpine expedition	Franz Xaver von Wulfen				Klemun, Marianne (2000). Mit Madame Sonne konferieren: die Grossglockner-Expeditionen 1799 und 1800. Kärntner Landesarchiv. p. 77. ISBN 9783900531478. Retrieved 2014-07-26.	Wikipedia Table
item_249	Ipotesi sulla prima ascensione: Mangart	Mangart	FALSE				Ipotesi sulla prima ascensione	Conflicting Hypothesis		1794	1794	proto-alpinism	Franz von Hohenwart		Austro-German alpine expedition	Franz von Hohenwart					Wikipedia
item_250	Prima ascensione: Monte Stavello	Monte Stavello	FALSE				Prima ascensione			Non documentata		proto-alpinism	Unknown			Unknown					Wikipedia
item_251	Prima ascensione: Cima Monfret	Cima Monfret	FALSE				Prima ascensione			21/07/1884	1884	post	William Auguste Coolidge	Christian Almer padre e figlio	British alpine expedition	William Auguste Coolidge, Christian Almer padre e figlio				Giulio Berutto e Lino Fornelli, Alpi Graie Meridionali, Guida dei Monti d'Italia, Milano, Club Alpino Italiano e Touring Club Italiano, 1980.	Wikipedia
item_252	Prima ascensione: Punta Elena	Punta Elena	FALSE				Prima ascensione			22/08/1898	1898	post	Luigi Amedeo di Savoia-Aosta	Joseph Petigax, Laurent Croux, Félix Ollier	Italian alpine expedition	Luigi Amedeo di Savoia-Aosta, Joseph Petigax, Laurent Croux, Félix Ollier					Wikipedia
item_253	Prima ascensione: Punta Margherita (Grandes Jorasses)	Punta Margherita (Grandes Jorasses)	FALSE				Prima ascensione			22/08/1898	1898	post	Luigi Amedeo di Savoia-Aosta	Joseph Petigax, Laurent Croux, Félix Ollier	Italian alpine expedition	Luigi Amedeo di Savoia-Aosta, Joseph Petigax, Laurent Croux, Félix Ollier					Wikipedia
item_254	Prima ascensione: Monte Cavallo (Dolomiti Orientali di Badia)	Monte Cavallo (Dolomiti Orientali di Badia)	FALSE		Prime Ascensioni sulle Dolomiti		Prima ascensione		1° salita spigolo ovest	1953	1953	post	Georges Livanos	Robert Gabriel	Franco-Swiss alpine expedition	Georges Livanos, Robert Gabriel					Wikipedia
item_255	Prima ascensione: Rocca dell'Abisso	Rocca dell'Abisso	FALSE				Prima ascensione			1832	1832	proto-alpinism	Lorenzo Pareto	portatore	Italian alpine expedition	Lorenzo Pareto, portatore					Wikipedia
item_256	Prima ascensione: Roda di Vaèl	Roda di Vaèl	FALSE		Prime Ascensioni sulle Dolomiti		Prima ascensione		Parete O – Via Dibona	11/08/1908	1908	post	Angelo Dibona, Agostino Verzi, Edward Broome, W. Corning		International / mixed expedition	Angelo Dibona, Agostino Verzi, Edward Broome, W. Corning				[1]	Wikipedia
item_257	Prima ascensione: Sass Rigais	Sass Rigais	FALSE		Prime Ascensioni sulle Dolomiti		Prima ascensione			04/07/1878	1878	silver age	Eduard Niglutsch, Bruno Wagner, Giorgio Bernard, Battista Bernard		Austro-German alpine expedition	Eduard Niglutsch, Bruno Wagner, Giorgio Bernard, Battista Bernard					Wikipedia
item_258	Prima ascensione: Sasso di Santa Croce	Sasso di Santa Croce	FALSE		Prime Ascensioni sulle Dolomiti		Prima ascensione		1° salita spigolo ovest	1953	1953	post	Georges Livanos	Robert Gabriel	Franco-Swiss alpine expedition	Georges Livanos, Robert Gabriel					Wikipedia
item_259	Prima ascensione: Torri del Vajolet	Torri del Vajolet	FALSE		Prime Ascensioni sulle Dolomiti		Prima ascensione			28/08/1882	1882	silver age	Luigi Bernard, Gottfried Merzbacher		Austro-German alpine expedition	Luigi Bernard, Gottfried Merzbacher					Wikipedia
item_260	Prima ascensione: Monte Scaletta	Monte Scaletta	FALSE				Prima ascensione			1830	1830	proto-alpinism	capitano Luigi Fecia di Cossato		Italian alpine expedition	capitano Luigi Fecia di Cossato					Wikipedia
item_261	Prima ascensione: Monte Tenibres	Monte Tenibres	FALSE				Prima ascensione			1836	1836	proto-alpinism	capitano Luigi Fecia di Cossato		Italian alpine expedition	capitano Luigi Fecia di Cossato					Wikipedia
item_262	Prima ascensione: Pelvo d'Elva	Pelvo d'Elva	FALSE				Prima ascensione			1836	1836	proto-alpinism	capitano Luigi Fecia di Cossato		Italian alpine expedition	capitano Luigi Fecia di Cossato					Wikipedia
item_263	Prima ascensione: Punta Cornour	Punta Cornour	FALSE				Prima ascensione			1836	1836	proto-alpinism	capitano Luigi Fecia di Cossato		Italian alpine expedition	capitano Luigi Fecia di Cossato				[1]	Wikipedia
item_264	Prima ascensione: Punta Rognosa di Sestriere	Punta Rognosa di Sestriere	FALSE				Prima ascensione			1836	1836	proto-alpinism	capitano Luigi Fecia di Cossato		Italian alpine expedition	capitano Luigi Fecia di Cossato					Wikipedia
item_265	Prima ascensione: Blümlisalp	Blümlisalp	FALSE		Golden age of alpinism		Prima ascensione			27/08/1860	1860	golden age	Leslie Stephen, Melchior Anderegg, Robert Liveing, Fritz Ogi, P. Simond, J. K. Stone		British alpine expedition	Leslie Stephen, Melchior Anderegg, Robert Liveing, Fritz Ogi, P. Simond, J. K. Stone					Wikipedia
item_266	Prima ascensione: Monte Dom	Monte Dom	FALSE		Golden age of alpinism		Prima ascensione			11/09/1858	1858	golden age	John Llewelyn-Davies, Johannes Zumtaugwald, Johann Kronig, Hieronymous Brantschen		British alpine expedition	John Llewelyn-Davies, Johannes Zumtaugwald, Johann Kronig, Hieronymous Brantschen				Studer, Vol 2, pp. 117-9	Wikipedia, Wikipedia Table
item_267	Prima ascensione: Grand Flambeau	Grand Flambeau	FALSE		Silver age of alpinism		Prima ascensione			20/07/1866	1866	silver age	Henri Cordier, Jakob Anderegg, Kaspar Maurer		Franco-Swiss alpine expedition	Henri Cordier, Jakob Anderegg, Kaspar Maurer					Wikipedia
item_268	Prima ascensione: Sass Maor	Sass Maor	FALSE		Silver age of alpinism, Prime Ascensioni sulle Dolomiti		Prima ascensione			04/09/1875	1875	silver age	H. A. Beachcroft, Charles Comyns Tucker, François Devouassoud	Giovanni Battista Della Santa	British alpine expedition	H. A. Beachcroft, Charles Comyns Tucker, François Devouassoud, Giovanni Battista Della Santa		<iframe src="https://caisidoc.cai.it:443/opac/detail/badge/mnmt:catalog:108926?height=250&showabstract=0&coversize=normal" frameborder="0" width="600" height="250"></iframe>			Wikipedia
item_269	Prima ascensione: Aiguille Blanche de Peuterey	Aiguille Blanche de Peuterey	FALSE				Prima ascensione			31/07/1885	1885	post	Émile Rey, Ambros Supersaxo, Alois Andenmatten, Henry Seymour King		International / mixed expedition	Émile Rey, Ambros Supersaxo, Alois Andenmatten, Henry Seymour King					Wikipedia, Wikipedia Table
item_270	Prima ascensione: Monte Cevedale	Monte Cevedale	FALSE		Silver age of alpinism		Prima ascensione			07/09/1865	1865	golden age	Julius von Payer, Johann Pinggera, J. Reinstadler		Austro-German alpine expedition	Julius von Payer, Johann Pinggera, J. Reinstadler					Wikipedia
item_271	Prima ascensione: Testa del Rutor	Testa del Rutor	FALSE		Golden age of alpinism		Prima ascensione			16/08/1858	1858	golden age	Gottlieb Samuel Studer, Johann Jakob Weilenmann, B. Weilenmann	Jean-Baptiste Frassy di Valgrisenche	Austro-German alpine expedition	Gottlieb Samuel Studer, Johann Jakob Weilenmann, B. Weilenmann, Jean-Baptiste Frassy di Valgrisenche				Alessandro Giorgetta, Alpi Graie Centrali, Guida dei Monti d'Italia, Milano, Club Alpino Italiano e Touring Club Italiano, 1985. [p. 211]	Wikipedia
item_272	Prima ascensione: Aiguille du Midi	Aiguille du Midi	FALSE				Prima ascensione			04/08/1818	1818	proto-alpinism	Antoni Malczewski, Jean-Michel Balmat	altre cinqueguide	International / mixed expedition	Antoni Malczewski, Jean-Michel Balmat, altre cinqueguide					Wikipedia
item_273	Prima ascensione: Cevedale II	Cevedale II	FALSE		Golden age of alpinism		Prima ascensione			13/08/1864	1864	golden age	Edmund Mojsisovics, Sebastian Janiger		Austro-German alpine expedition	Edmund Mojsisovics, Sebastian Janiger					Wikipedia
item_274	Prima ascensione: Punta Beltovo di Dentro	Punta Beltovo di Dentro	FALSE		Silver age of alpinism		Prima ascensione			01/08/1865	1865	golden age	Edmund Mojsisovics, Sebastian Janiger		Austro-German alpine expedition	Edmund Mojsisovics, Sebastian Janiger					Wikipedia
item_275	Prima ascensione: Punta Ghigo	Punta Ghigo	FALSE				Prima ascensione			20/08/1903	1903	post	Victor De Cessole, Andrea Ghigo		Italian alpine expedition	Victor De Cessole, Andrea Ghigo					Wikipedia
item_276	Prima ascensione: Punta Gnifetti	Punta Gnifetti	FALSE				Prima ascensione			09/08/1842	1842	proto-alpinism	Giovanni Gnifetti, Cristoforo Ferraris, Cristoforo Grober, Giacomo Giordani, Giovanni Giordani, Giuseppe Farinetti	altri 2	Italian alpine expedition	Giovanni Gnifetti, Cristoforo Ferraris, Cristoforo Grober, Giacomo Giordani, Giovanni Giordani, Giuseppe Farinetti, altri 2				Descrizione del negativo fotografico: Francesco Ravelli di fronte al Monte Rosa[https://caisidoc.cai.it/risultati-della-ricerca/detail/view/mnmt:catalog:118363]	Wikipedia
item_277	Prima ascensione: Roche Faurio	Roche Faurio	FALSE		Silver age of alpinism		Prima ascensione			21/06/1873	1873	silver age	Thomas Cox, Frederick Gardiner, Richard Pendlebury, W.M. Pendlebury, C. Taylor	Hans e Peter Baumann, Peter Knubel, Josef Marie Lochmatter	British alpine expedition	Thomas Cox, Frederick Gardiner, Richard Pendlebury, W.M. Pendlebury, C. Taylor, Hans e Peter Baumann, Peter Knubel, Josef Marie Lochmatter				[1]	Wikipedia
item_278	Prima ascensione: Pan di Zucchero (Alpi dello Stubai)	Pan di Zucchero (Alpi dello Stubai)	FALSE		Golden age of alpinism		Prima ascensione			1863	1863	golden age	Joseph Anton Specht, Alois Tanzer		Austro-German alpine expedition	Joseph Anton Specht, Alois Tanzer					Wikipedia
item_279	Prima ascensione: Becco della Pazienza	Becco della Pazienza	FALSE				Prima ascensione			06/08/1892	1892	post	George Yeld, F. Pession, A. Pellissier		British alpine expedition	George Yeld, F. Pession, A. Pellissier					Wikipedia
item_280	Prima ascensione: Cima Catinaccio	Cima Catinaccio	FALSE		Silver age of alpinism, Prime Ascensioni sulle Dolomiti		Prima ascensione			1874	1874	silver age	Charles Comyns Tucker, T. H. Carson, François Devouassoud		British alpine expedition	Charles Comyns Tucker, T. H. Carson, François Devouassoud					Wikipedia
item_281	Prima ascensione: Aiguille Noire de Peuterey	Aiguille Noire de Peuterey	FALSE		Silver age of alpinism		Prima ascensione			05/08/1877	1877	silver age	Lord Wentworth, Émile Rey		British alpine expedition	Lord Wentworth, Émile Rey				[1]	Wikipedia
item_282	Prima ascensione: Cervino	Cervino	TRUE	La drammatica conquista di Edward Whymper che segnò un'epoca, con la tragica perdita di quattro compagni durante la discesa.	Silver age of alpinism		Prima ascensione		Wikipedia Article on the Expedition: https://en.wikipedia.org/wiki/First_ascent_of_the_Matterhorn	14/07/1865	1865	golden age	Edward Whymper, Lord Francis Douglas, Charles Hudson, Douglas Robert Hadow	Michel Croz, Peter Taugwalder senior, Peter Taugwalder junior	British alpine expedition	Edward Whymper, Lord Francis Douglas, Charles Hudson, Douglas Robert Hadow, Michel Croz, Peter Taugwalder senior, Peter Taugwalder junior				Studer, Vol 2, pp. 166-73	Wikipedia, Wikipedia Table
item_283	Prima ascensione: Dent d'Hérens	Dent d'Hérens	FALSE		Golden age of alpinism		Prima ascensione			12/08/1863	1863	golden age	Florence Crauford Grove, William Edward Hall, Reginald Somerled Macdonald, Montagu Woodmass	Melchior Anderegg, Jean-Pierre Cachat, Peter Perren	British alpine expedition	Florence Crauford Grove, William Edward Hall, Reginald Somerled Macdonald, Montagu Woodmass, Melchior Anderegg, Jean-Pierre Cachat, Peter Perren				Studer, Vol 2, pp. 288-93	Wikipedia, Wikipedia Table
item_284	Prima ascensione: Aiguille de Bionnassay	Aiguille de Bionnassay	FALSE		Silver age of alpinism		Prima ascensione			28/07/1865	1865	golden age	Edward North Buxton, Florence Crauford Grove, Reginald Somerled Macdonald	Jean-Pierre Cachat, Michel-Clément Payot	British alpine expedition	Edward North Buxton, Florence Crauford Grove, Reginald Somerled Macdonald, Jean-Pierre Cachat, Michel-Clément Payot					Wikipedia
item_285	Prima ascensione: Punta Parrot	Punta Parrot	FALSE		Golden age of alpinism		Prima ascensione			16/08/1863	1863	golden age	Reginald Somerled Macdonald, Florence Crauford Grove, Montagu Woodmass	Melchior Anderegg, Peter Perren	British alpine expedition	Reginald Somerled Macdonald, Florence Crauford Grove, Montagu Woodmass, Melchior Anderegg, Peter Perren					Wikipedia
item_286	Prima ascensione: Tête Blanche (Alpi Pennine)	Tête Blanche (Alpi Pennine)	FALSE				Prima ascensione			15/08/1849	1849	proto-alpinism	Gottlieb Lauterburg, Gottlieb Samuel Studer, Melchior Ulrich, Anton Binner, Joseph Binner, Niklaus Inderbinnen, Johann Madutz		Franco-Swiss alpine expedition	Gottlieb Lauterburg, Gottlieb Samuel Studer, Melchior Ulrich, Anton Binner, Joseph Binner, Niklaus Inderbinnen, Johann Madutz				[1]	Wikipedia
item_287	Prima ascensione: Aiguilles du Dru	Aiguilles du Dru	FALSE				Prima ascensione			12/09/1878	1878	silver age	Clinton Thomas Dent, James Walker Hartley	Alexander Burgener, Kaspar Maurer	British alpine expedition	Clinton Thomas Dent, James Walker Hartley, Alexander Burgener, Kaspar Maurer					Wikipedia, Wikipedia Table
item_288	Prima ascensione: Aiguille de l'Éboulement	Aiguille de l'Éboulement	FALSE		Silver age of alpinism		Prima ascensione			07/07/1866	1866	silver age	Charles Edward Mathews, Anthony Adams Reilly	Michel A. Ducroz, Michel Ambroise Balmat	British alpine expedition	Charles Edward Mathews, Anthony Adams Reilly, Michel A. Ducroz, Michel Ambroise Balmat					Wikipedia
item_289	Prima ascensione: Ellmauer Halt	Ellmauer Halt	FALSE		Silver age of alpinism		Prima ascensione			29/06/1869	1869	silver age	Karl Hoffmann, J. Schlechter		Austro-German alpine expedition	Karl Hoffmann, J. Schlechter					Wikipedia
item_290	Prima ascensione: Gran Pilastro	Gran Pilastro	FALSE		Silver age of alpinism		Prima ascensione			24/07/1865	1865	golden age	Paul Grohmann, Georg Samer, Peter Fuchs		Austro-German alpine expedition	Paul Grohmann, Georg Samer, Peter Fuchs	Grohmann, Paul <1838-1908> - Ascensioni alpinistiche - Dolomiti - Sec. 19. Wanderungen in den Dolomiten[https://caisidoc.cai.it/risultati-della-ricerca/detail/view/mnmt:catalog:12002]|Grohmann, Paul <1838-1908> - La scoperta delle Dolomiti 1862[https://caisidoc.cai.it/risultati-della-ricerca/detail/view/mnmt:catalog:10882]|Sposito, Livio. Paul Grohmann : guida biografica alle sue vie[https://caisidoc.cai.it/risultati-della-ricerca/detail/view/mnmt:catalog:127829]|[Ritratto di] Paul Grohmann[https://caisidoc.cai.it/risultati-della-ricerca/detail/view/mnmt:catalog:110671]				Wikipedia
item_291	Prima ascensione: Grand Capucin	Grand Capucin	FALSE				Prima ascensione			24/07/1924	1924	post	Adolphe Rey, Henri Rey, Louis Lainier, Enrico Augusto		Franco-Swiss alpine expedition	Adolphe Rey, Henri Rey, Louis Lainier, Enrico Augusto					Wikipedia
item_292	Prima ascensione: Gross Fiescherhorn	Gross Fiescherhorn	FALSE		Golden age of alpinism		Prima ascensione			23/07/1862	1862	golden age	Adolphus Warburton Moore, Hereford Brooke George	Christian Almer, Ulrich Kaufmann	British alpine expedition	Adolphus Warburton Moore, Hereford Brooke George, Christian Almer, Ulrich Kaufmann					Wikipedia
item_293	Prima ascensione: Monte Paterno	Monte Paterno	FALSE		Prime Ascensioni sulle Dolomiti		Prima ascensione			11/09/1882	1882	silver age	Franz Innerkofler, Erich Künigl		Austro-German alpine expedition	Franz Innerkofler, Erich Künigl					Wikipedia
item_294	Prima ascensione: Pizzo Ligoncio	Pizzo Ligoncio	FALSE		Silver age of alpinism		Prima ascensione			09/08/1881	1881	silver age	Antonio Baroni, F. Lurani, G. Fiorelli		Italian alpine expedition	Antonio Baroni, F. Lurani, G. Fiorelli				[1]	Wikipedia
item_295	Prima ascensione: Cima di Jazzi	Cima di Jazzi	FALSE				Prima ascensione			01/08/1851	1851	proto-alpinism	G.M. Sykes, Matthäus Zumtaugwald		British alpine expedition	G.M. Sykes, Matthäus Zumtaugwald				[1]	Wikipedia
item_296	Prima ascensione: La Madre di Dio	La Madre di Dio	FALSE				Prima ascensione			19/09/1901	1901	post	Victor de Cessole, Jean-Baptiste Plent, Andrea Ghigo		Italian alpine expedition	Victor de Cessole, Jean-Baptiste Plent, Andrea Ghigo					Wikipedia
item_297	Prima ascensione: Becca di Gay	Becca di Gay	FALSE		Silver age of alpinism		Prima ascensione			14/06/1875	1875	silver age	Luigi Vaccarone, P. Palestrino, Antonio Castagneri	Antonio Boggiatto, G. Bricco	Italian alpine expedition	Luigi Vaccarone, P. Palestrino, Antonio Castagneri, Antonio Boggiatto, G. Bricco		<iframe src="https://caisidoc.cai.it:443/opac/detail/badge/mnmt:catalog:108881?height=250&showabstract=0&coversize=normal" frameborder="0" width="600" height="250"></iframe>		Emanuele Andreis, Renato Chabod e Mario C. Santi, Gran Paradiso, Guida dei Monti d'Italia, Milano, Club Alpino Italiano e Touring Club Italiano, 1963.	Wikipedia
item_298	Prima ascensione: Pic de la Grave	Pic de la Grave	FALSE		Silver age of alpinism		Prima ascensione			14/07/1874	1874	silver age	William Auguste Coolidge, Christian Almer, R. Kauffman		British alpine expedition	William Auguste Coolidge, Christian Almer, R. Kauffman					Wikipedia
item_299	Prima ascensione: Averau	Averau	FALSE		Silver age of alpinism, Prime Ascensioni sulle Dolomiti		Prima ascensione			10/08/1874	1874	silver age	Santo Siorpaes, R. Issler		Austro-German alpine expedition	Santo Siorpaes, R. Issler					Wikipedia
item_300	Prima ascensione: Punta Walker	Punta Walker	FALSE		Silver age of alpinism		Prima ascensione			30/06/1868	1868	silver age	Horace Walker, Melchior Anderegg, Johann Jaun, Julien Grange		British alpine expedition	Horace Walker, Melchior Anderegg, Johann Jaun, Julien Grange					Wikipedia, Wikipedia Table
item_301	Prima ascensione: Ciarforon	Ciarforon	FALSE		Silver age of alpinism		Prima ascensione			25/08/1871	1871	silver age	Filippo Vallino, A. Blanchetti		Italian alpine expedition	Filippo Vallino, A. Blanchetti				Emanuele Andreis, Renato Chabod e Mario C. Santi, Gran Paradiso, Guida dei Monti d'Italia, Milano, Club Alpino Italiano e Touring Club Italiano, 1963.	Wikipedia
item_302	Prima ascensione: Tresenta	Tresenta	FALSE		Silver age of alpinism		Prima ascensione			1867	1867	silver age	Martino Baretti, A. Blanchetti		Italian alpine expedition	Martino Baretti, A. Blanchetti				[2]	Wikipedia
item_303	Prima ascensione: Cima Cunturines	Cima Cunturines	FALSE		Silver age of alpinism, Prime Ascensioni sulle Dolomiti		Prima ascensione			04/08/1880	1880	silver age	Santo Siorpaes, Albrecht Grünwald		Austro-German alpine expedition	Santo Siorpaes, Albrecht Grünwald					Wikipedia
item_304	Prima ascensione: Cima Mondini	Cima Mondini	FALSE				Prima ascensione			25/06/1890	1890	post	Ludwig Purtschellere, Walter Bodenmann		Austro-German alpine expedition	Ludwig Purtschellere, Walter Bodenmann					Wikipedia
item_305	Prima ascensione: Cima Presanella	Cima Presanella	FALSE		Golden age of alpinism		Prima ascensione			27/08/1864	1864	golden age	Douglas William Freshfield, François Devouassoud, M. Beachroft, I.D. Walker		British alpine expedition	Douglas William Freshfield, François Devouassoud, M. Beachroft, I.D. Walker					Wikipedia
item_306	Prima ascensione: Cima Una	Cima Una	FALSE		Silver age of alpinism, Prime Ascensioni sulle Dolomiti		Prima ascensione			26/07/1879	1879	silver age	Loránd Eötvös,Michl Innerkofler, F. Happacher		Austro-German alpine expedition	Loránd Eötvös,Michl Innerkofler, F. Happacher	Michl : Michl Innerkofler und Sextner Bergfuhrer : rifugi montagne guide alpine di Sesto / a cura di Bepi Pellegrinon ; testi di Camillo Berti, Rudolf Holzer, Bepi Pellegrinon ; con la collaborazione di Herbert Summerer e Kurt Stauder[https://caisidoc.cai.it/risultati-della-ricerca/detail/view/mnmt:catalog:40218]|Michel Innerkofler : guida alpina di Sesto / C. Berti[https://caisidoc.cai.it/risultati-della-ricerca/detail/view/mnmt:catalog:114913]				Wikipedia
item_307	Prima ascensione: Mont Mallet	Mont Mallet	FALSE		Silver age of alpinism		Prima ascensione			04/09/1871	1871	silver age	Gabriel Loppe, Leslie Stephen, Frederich A. Wallroth, Melchior Anderegg,  Jean-Pierre Cachat, Alexandre Tournier		British alpine expedition	Gabriel Loppe, Leslie Stephen, Frederich A. Wallroth, Melchior Anderegg,  Jean-Pierre Cachat, Alexandre Tournier				Renato Chabod, Lorenzo Grivel, Silvio Saglio e Gino Buscaini, Monte Bianco, vol. II, Guida dei Monti d'Italia, Milano, Club Alpino Italiano e Touring Club Italiano, 1968. [p. 76]	Wikipedia
item_308	Prima ascensione: Punta Budden (Alpi Pennine)	Punta Budden (Alpi Pennine)	FALSE				Prima ascensione			1904	1904	post	Ugo De Amicis, Guido Rey	Aimé Maquignaz, Ange Maquignaz, Joseph Pession	Italian alpine expedition	Ugo De Amicis, Guido Rey, Aimé Maquignaz, Ange Maquignaz, Joseph Pession					Wikipedia
item_309	Prima ascensione: Punta Roma	Punta Roma	FALSE				Prima ascensione			29/08/1905	1905	post	Ubaldo Valbusa, Claudio Perotti		Italian alpine expedition	Ubaldo Valbusa, Claudio Perotti					Wikipedia
item_310	Prima ascensione: Punta Udine	Punta Udine	FALSE				Prima ascensione			1º settembre1899	1899	post	Giuseppe Morassutti, Giuseppe Perotti		Italian alpine expedition	Giuseppe Morassutti, Giuseppe Perotti					Wikipedia
item_311	Prima ascensione: Škrlatica	Škrlatica	FALSE		Silver age of alpinism		Prima ascensione			1880	1880	silver age	Julius Kugy, Andrej Komac, Matija Kravanja		Austro-German alpine expedition	Julius Kugy, Andrej Komac, Matija Kravanja					Wikipedia
item_312	Prima ascensione: Trisselwand	Trisselwand	FALSE				Prima ascensione			1906	1906	post	Karl Greenitz, Franz Kleinhans, Hans Reinl		Austro-German alpine expedition	Karl Greenitz, Franz Kleinhans, Hans Reinl					Wikipedia
item_313	Prima ascensione: Vetta d'Italia	Vetta d'Italia	FALSE				Prima ascensione			10/07/1895	1895	post	Fritz Koegel, Franz Hofer		Austro-German alpine expedition	Fritz Koegel, Franz Hofer					Wikipedia
item_314	Prima ascensione: Levanna Centrale	Levanna Centrale	FALSE		Silver age of alpinism		Prima ascensione			17/08/1875	1875	silver age	Antonio Gramaglia, Luigi Vaccarone		Italian alpine expedition	Antonio Gramaglia, Luigi Vaccarone					Wikipedia
item_315	Prima ascensione: Monte Agner	Monte Agner	FALSE		Silver age of alpinism, Prime Ascensioni sulle Dolomiti		Prima ascensione			1875	1875	silver age	Cesare Tomè, Martino Gnech, Tommaso da Col		Local guide-led ascent	Cesare Tomè, Martino Gnech, Tommaso da Col					Wikipedia
item_316	Prima ascensione: Torre del Gran San Pietro	Torre del Gran San Pietro	FALSE		Silver age of alpinism		Prima ascensione			1865	1865	golden age	Martino Baretti, Amé Gorrete, Jean-Pierre Carrel		Italian alpine expedition	Martino Baretti, Amé Gorrete, Jean-Pierre Carrel				[1]	Wikipedia
item_317	Prima ascensione: Waxenstein	Waxenstein	FALSE		Silver age of alpinism		Prima ascensione			09/08/1871	1871	silver age	Martin Ostler, Hermann von Barth		Austro-German alpine expedition	Martin Ostler, Hermann von Barth					Wikipedia
item_318	Prima ascensione: Pizzo d'Andolla	Pizzo d'Andolla	FALSE				Prima ascensione			1884	1884	post	Henry Seymour King, Ambros Supersaxo, Alois Anthamatten		British alpine expedition	Henry Seymour King, Ambros Supersaxo, Alois Anthamatten					Wikipedia
item_319	Prima ascensione: Dente del Gigante	Dente del Gigante	FALSE				Prima ascensione			28/07/1882	1882	silver age	Jean-Joseph Maquignaz, Baptiste Maquignaz, Daniel Maquignaz		Franco-Swiss alpine expedition	Jean-Joseph Maquignaz, Baptiste Maquignaz, Daniel Maquignaz					Wikipedia, Wikipedia Table
item_320	Prima ascensione: Viso di Vallanta	Viso di Vallanta	FALSE				Prima ascensione			07/09/1891	1891	post	Claudio Perotti, Giuseppe Perotti, Paolo Gastaldi, Vittorio Giordana		Italian alpine expedition	Claudio Perotti, Giuseppe Perotti, Paolo Gastaldi, Vittorio Giordana					Wikipedia
item_321	Prima ascensione: Nadelhorn	Nadelhorn	FALSE		Golden age of alpinism		Prima ascensione			16/09/1858	1858	golden age	Franz Andenmatten, Baptiste Epiney, Aloys Supersaxo, J. Zimmermann		Franco-Swiss alpine expedition	Franz Andenmatten, Baptiste Epiney, Aloys Supersaxo, J. Zimmermann					Wikipedia
item_322	Prima ascensione: Levanne	Levanne	FALSE		Silver age of alpinism		Prima ascensione			17/08/1875	1875	silver age	Antonio Gramaglia, Luigi Vaccarone		Italian alpine expedition	Antonio Gramaglia, Luigi Vaccarone					Wikipedia
item_323	Prima ascensione: Mont Aiguille	Mont Aiguille	FALSE				Prima ascensione			27 Jun 1492	1492	proto-alpinism	Antoine de Ville, 8 to 10 more people		Franco-Swiss alpine expedition	Antoine de Ville, 8 to 10 more people					Wikipedia, Wikipedia Table
item_324	Prima ascensione: Carè Alto	Carè Alto	FALSE		Silver age of alpinism		Prima ascensione			08/08/1865	1865	golden age	S.T. Taylor, Hugh de Fellenberg Montgomery		British alpine expedition	S.T. Taylor, Hugh de Fellenberg Montgomery					Wikipedia
item_325	Prima ascensione: Aiguille du Goûter	Aiguille du Goûter	FALSE				Prima ascensione			prima del 1784	1784	proto-alpinism	François Cuidet, François Gervais		Franco-Swiss alpine expedition	François Cuidet, François Gervais				Renato Chabod, Lorenzo Grivel, Silvio Saglio, Monte Bianco, vol. I, Guida dei Monti d'Italia, Milano, Club Alpino Italiano e Touring Club Italiano, 1963, ISBN 88-365-0063-3.	Wikipedia
item_326	Prima ascensione: Aiguille du Jardin	Aiguille du Jardin	FALSE				Prima ascensione			01/08/1904	1904	post	E. Fontaine	Jean Ravanel, Léon Tournier	Franco-Swiss alpine expedition	E. Fontaine, Jean Ravanel, Léon Tournier					Wikipedia
item_327	Prima ascensione: Brana (monte)	Brana (monte)	FALSE		Silver age of alpinism		Prima ascensione			1875	1875	silver age	Anton Bauer, J.Seidl		Austro-German alpine expedition	Anton Bauer, J.Seidl					Wikipedia
item_328	Prima ascensione: Äbeni Flue	Äbeni Flue	FALSE		Silver age of alpinism		Prima ascensione			27/08/1868	1868	silver age	Thomas Lloyd Murray Browne	Peter Bohren, Peter Schlegel	British alpine expedition	Thomas Lloyd Murray Browne, Peter Bohren, Peter Schlegel					Wikipedia
item_329	Prima ascensione: Cima Falkner	Cima Falkner	FALSE				Prima ascensione			estate 1882	1882	silver age	Alberto de Falkner	Antonio Dallagiacoma	Austro-German alpine expedition	Alberto de Falkner, Antonio Dallagiacoma					Wikipedia
item_330	Prima ascensione: Monte Razor	Monte Razor	FALSE				Prima ascensione			1842	1842	proto-alpinism	Otto Sendtner		Austro-German alpine expedition	Otto Sendtner					Wikipedia
item_331	Prima ascensione: Monte Sernio	Monte Sernio	FALSE		Silver age of alpinism		Prima ascensione			21/08/1879	1879	silver age	Minetta Grassi, Annina Grassi		Italian alpine expedition	Minetta Grassi, Annina Grassi					Wikipedia
item_332	Prima ascensione: Monte Tullen	Monte Tullen	FALSE		Prime Ascensioni sulle Dolomiti		Prima ascensione			06/10/1895	1895	post	Hermann Delago			Hermann Delago					Wikipedia
item_333	Prima ascensione: Muntanitz	Muntanitz	FALSE		Silver age of alpinism		Prima ascensione			02/09/1871	1871	silver age	Arthur von Schmid	Führer Thomas Groder		Arthur von Schmid, Führer Thomas Groder					Wikipedia
item_334	Prima ascensione: Pic Gaspard	Pic Gaspard	FALSE				Prima ascensione			1878	1878	silver age	Henry Duhamel	Pierre Gaspard, Christophe Roderon		Henry Duhamel, Pierre Gaspard, Christophe Roderon					Wikipedia
item_335	Prima ascensione: Puitkogel	Puitkogel	FALSE				Prima ascensione			29/08/1894	1894	post	F. Lantscher, Josef Gstrein			F. Lantscher, Josef Gstrein					Wikipedia
item_336	Prima ascensione: Punta Basei	Punta Basei	FALSE		Silver age of alpinism		Prima ascensione			1875	1875	silver age	C. Poccardi, G. Blanchetti			C. Poccardi, G. Blanchetti					Wikipedia
item_337	Prima ascensione: Punta dei Cors	Punta dei Cors	FALSE		Silver age of alpinism		Prima ascensione			27/07/1877	1877	silver age	Giuseppe Corona	Jean-Pierre Maquignaz		Giuseppe Corona, Jean-Pierre Maquignaz					Wikipedia
item_338	Prima ascensione: Punta di Ceresole	Punta di Ceresole	FALSE		Silver age of alpinism		Prima ascensione			1º luglio 1874	1874	silver age	Alessandro E. Martelli	Jean-Joseph Maquignaz, Salomon Meynet		Alessandro E. Martelli, Jean-Joseph Maquignaz, Salomon Meynet				[1]	Wikipedia
item_339	Prima ascensione: Punta Grober	Punta Grober	FALSE		Silver age of alpinism		Prima ascensione			03/09/1874	1874	silver age	Antonio Grober, Giuseppe Antonelli, Giuseppe Necer	due portatori		Antonio Grober, Giuseppe Antonelli, Giuseppe Necer, due portatori					Wikipedia
item_340	Prima ascensione: Punta Innominata	Punta Innominata	FALSE		Silver age of alpinism		Prima ascensione			23/07/1872	1872	silver age	Agostino Durazzo, Julien Grange, Séraphin Henry			Agostino Durazzo, Julien Grange, Séraphin Henry				[1]	Wikipedia
item_341	Prima ascensione: Punta Malta	Punta Malta	FALSE				Prima ascensione			1907	1907	post	Ubaldo Valbusa			Ubaldo Valbusa					Wikipedia
item_342	Prima ascensione: Roccia Viva (montagna)	Roccia Viva (montagna)	FALSE		Silver age of alpinism		Prima ascensione			05/07/1874	1874	silver age	Alessandro E. Martelli	Jean-Joseph Maquignaz, Salomon Meynet		Alessandro E. Martelli, Jean-Joseph Maquignaz, Salomon Meynet					Wikipedia
item_343	Prima ascensione: Torrone Alto	Torrone Alto	FALSE				Prima ascensione			17/06/1892	1892	post	L. Darmstädter	J. E G. Stabeler		L. Darmstädter, J. E G. Stabeler					Wikipedia
item_344	Prima ascensione: Wetterhorn	Wetterhorn	FALSE				Prima ascensione			31/08/1844	1844	proto-alpinism	Melchior Bannholzer, Johann Jaun			Melchior Bannholzer, Johann Jaun					Wikipedia, Wikipedia Table
item_345	Prima ascensione: Becca di Monciair	Becca di Monciair	FALSE		Silver age of alpinism		Prima ascensione			14/07/1881	1881	silver age	G. Frasca, G. Blanchetti			G. Frasca, G. Blanchetti				Emanuele Andreis, Renato Chabod e Mario C. Santi, Gran Paradiso, Guida dei Monti d'Italia, Milano, Club Alpino Italiano e Touring Club Italiano, 1963.	Wikipedia
item_346	Prima ascensione: Aiguille de la Tsa	Aiguille de la Tsa	FALSE		Silver age of alpinism		Prima ascensione			21/07/1868	1868	silver age	Pierre Beytrison	guide		Pierre Beytrison, guide					Wikipedia
item_347	Prima ascensione: Monte Sautron	Monte Sautron	FALSE		Silver age of alpinism		Prima ascensione			1877	1877	silver age	Pio Paganini			Pio Paganini					Wikipedia
item_348	Prima ascensione: Ojstrica	Ojstrica	FALSE				Prima ascensione			1823	1823	proto-alpinism	Ernest Joanelli			Ernest Joanelli					Wikipedia
item_349	Prima ascensione: Schrankogel	Schrankogel	FALSE				Prima ascensione			20 Sep 1821	1821	proto-alpinism	Johann Georg Hargasser 			Johann Georg Hargasser 					Wikipedia
item_350	Prima ascensione: Schrankogel	Schrankogel	FALSE				Prima ascensione			1840	1840	proto-alpinism	Pfarrer Schöpf			Pfarrer Schöpf					Wikipedia
item_351	Prima ascensione: Trifthorn	Trifthorn	FALSE		Silver age of alpinism		Prima ascensione			1872	1872	silver age	W. Béreneck			W. Béreneck					Wikipedia
item_352	Prima ascensione: Altels	Altels	FALSE		Silver age of alpinism		Prima ascensione			08/07/1874	1874	silver age	Hans Hari, Hermann Löhnert, Fritz Ogi, Adolf von Steiger, Friedrich Wyss-Wyss			Hans Hari, Hermann Löhnert, Fritz Ogi, Adolf von Steiger, Friedrich Wyss-Wyss					Wikipedia
item_353	Prima ascensione: Cima Altissima	Cima Altissima	FALSE		Golden age of alpinism		Prima ascensione			1858	1858	golden age	J. Ganahl			J. Ganahl					Wikipedia
item_354	Prima ascensione: Cima del Prete	Cima del Prete	FALSE		Silver age of alpinism		Prima ascensione			26/07/1870	1870	silver age	Richard Gutberlet, Andrä Purtscheller, Alois Tanzer			Richard Gutberlet, Andrä Purtscheller, Alois Tanzer					Wikipedia
item_355	Prima ascensione: Ruderhofspitze	Ruderhofspitze	FALSE		Golden age of alpinism		Prima ascensione			30/08/1864	1864	golden age	Karl Jr. Baedeker, Pankraz Gleinser, Alois Tanzer, Anton von Ruthner			Karl Jr. Baedeker, Pankraz Gleinser, Alois Tanzer, Anton von Ruthner					Wikipedia
item_356	Prima ascensione: Schesaplana	Schesaplana	FALSE				Prima ascensione			1730	1730	proto-alpinism	Nicolin Sererhard [de] and two companions			Nicolin Sererhard [de] and two companions					Wikipedia Table
item_357	Prima ascensione: Schesaplana	Schesaplana	FALSE				Prima ascensione			24/08/1610	1610	proto-alpinism	Christa Barball, Claus Manall, David Pappus			Christa Barball, Claus Manall, David Pappus				For long considered to have been climbed by David Pappus and guides more than a century earlier, in August 1610, but this was a misconception. See Manfred Tschaikner, Das Urbar der Herrschaften Bludenz und Sonnenberg von 1620 – ein Überblick	Wikipedia
item_358	Prima ascensione: Sciora di Dentro	Sciora di Dentro	FALSE				Prima ascensione			14/08/1888	1888	post	Theodor Curtius, R. Wiesner	C. Klucker		Theodor Curtius, R. Wiesner, C. Klucker					Wikipedia
item_359	Prima ascensione: Aiguille des Grands Charmoz	Aiguille des Grands Charmoz	FALSE				Prima ascensione			09/08/1885	1885	post	Henri Dunod, P. Vignon	J. Desailloux, F. Folliguet, François Simond, G. Simond		Henri Dunod, P. Vignon, J. Desailloux, F. Folliguet, François Simond, G. Simond					Wikipedia
item_360	Prima ascensione: Aiguille du Chardonnet	Aiguille du Chardonnet	FALSE		Silver age of alpinism		Prima ascensione			01/08/1879	1879	silver age	Percy W. Thomas	Josef Imboden, Josef Marie Lochmatter		Percy W. Thomas, Josef Imboden, Josef Marie Lochmatter				[1]	Wikipedia
item_361	Prima ascensione: Aiguille du Tacul	Aiguille du Tacul	FALSE				Prima ascensione			15/01/1905	1905	post	David Couttet, Jacques Couttet	John D. Forbes, Travels		David Couttet, Jacques Couttet, John D. Forbes, Travels					Wikipedia
item_362	Prima ascensione: Cima delle Lobbie	Cima delle Lobbie	FALSE				Prima ascensione			15/04/1897	1897	post	Ercole Daniele, Carlo Ratti, Alberto Viglino			Ercole Daniele, Carlo Ratti, Alberto Viglino					Wikipedia
item_363	Prima ascensione: Cime de l'Encoula	Cime de l'Encoula	FALSE		Silver age of alpinism		Prima ascensione			1º agosto 1879	1879	silver age	Henry Duhamel	Pierre Gaspardpadre, Giraud-Lézin		Henry Duhamel, Pierre Gaspardpadre, Giraud-Lézin					Wikipedia
item_364	Prima ascensione: Monte Granero	Monte Granero	FALSE		Silver age of alpinism		Prima ascensione			23/08/1879	1879	silver age	E. Bianco, A. e C. Fiorio, F. Pagagnone, Carlo Ratti			E. Bianco, A. e C. Fiorio, F. Pagagnone, Carlo Ratti					Wikipedia
item_365	Prima ascensione: Piz Grisch	Piz Grisch	FALSE		Golden age of alpinism		Prima ascensione			1861	1861	golden age	Christian Hössli			Christian Hössli					Wikipedia
item_366	Ipotesi scartata (leggenda) sulla prima ascensione: Piz Linard	Piz Linard	FALSE				Ipotesi scartata (leggenda) sulla prima ascensione	Superseded (legend)	The ascents of Lienhard/Chuonard in 1573, who put a golden cross on top, and of pastor Zadrell/Zodrell in 1710, who found crampons on top and was attacked by an eagle, are thought to be legends.	1573	1573	proto-alpinism	Lienhard/Chuonard			Lienhard/Chuonard					
item_367	Ipotesi scartata (leggenda) sulla prima ascensione: Piz Linard	Piz Linard	FALSE				Ipotesi scartata (leggenda) sulla prima ascensione	Superseded (legend)	The ascents of Lienhard/Chuonard in 1573, who put a golden cross on top, and of pastor Zadrell/Zodrell in 1710, who found crampons on top and was attacked by an eagle, are thought to be legends.	1710	1710	proto-alpinism	Zadrell/Zodrell			Zadrell/Zodrell					
item_368	Ipotesi attualmente riconosciuta sulla prima ascensione: Piz Linard	Piz Linard	FALSE				Ipotesi attualmente riconosciuta sulla prima ascensione	Settled	The ascents of Lienhard/Chuonard in 1573, who put a golden cross on top, and of pastor Zadrell/Zodrell in 1710, who found crampons on top and was attacked by an eagle, are thought to be legends.	1º agosto 1835	1835	proto-alpinism	Johann Madutz, Oswald Heer			Johann Madutz, Oswald Heer				Studer, Vol 3, pp. 382-5	Wikipedia, Wikipedia Table
item_369	Prima ascensione: Rocca dei Baranci	Rocca dei Baranci	FALSE		Prime Ascensioni sulle Dolomiti		Prima ascensione			28/07/1878	1878	silver age	J. Oberschneider			J. Oberschneider					Wikipedia
item_370	Prima ascensione: Täschhorn	Täschhorn	FALSE		Golden age of alpinism		Prima ascensione			30/07/1862	1862	golden age	John Llewelyn-Davies, J. W. Hayward	Stefan Zumtaugwald, Johannes Zumtaugwald, Peter-Josef Summermatter		John Llewelyn-Davies, J. W. Hayward, Stefan Zumtaugwald, Johannes Zumtaugwald, Peter-Josef Summermatter					Wikipedia
item_371	Prima ascensione: La Sengla	La Sengla	FALSE		Silver age of alpinism		Prima ascensione			22/07/1867	1867	silver age	Carl Shroeder, Séraphine Bessard			Carl Shroeder, Séraphine Bessard					Wikipedia
item_372	Prima ascensione: Lenzspitze	Lenzspitze	FALSE		Silver age of alpinism		Prima ascensione			1870	1870	silver age	Clinton Thomas Dent	Alexander Burgener, Franz Burgener		Clinton Thomas Dent, Alexander Burgener, Franz Burgener					Wikipedia
item_373	Prima ascensione: Herbétet	Herbétet	FALSE		Silver age of alpinism		Prima ascensione			22/08/1873	1873	silver age	Leopoldo Barale	Antonio Castagneri, G. Castagneri		Leopoldo Barale, Antonio Castagneri, G. Castagneri				Emanuele Andreis, Renato Chabod e Mario C. Santi, Gran Paradiso, Guida dei Monti d'Italia, Milano, Club Alpino Italiano e Touring Club Italiano, 1963. [p. 245]	Wikipedia
item_374	Prima ascensione: Bishorn	Bishorn	FALSE				Prima ascensione			18/08/1884	1884	post	G. S. Barnes, R. Chessyre-Walker	Joseph Imboden, J. M. Chanton		G. S. Barnes, R. Chessyre-Walker, Joseph Imboden, J. M. Chanton					Wikipedia
item_375	Prima ascensione: Breithorn Occidentale	Breithorn Occidentale	FALSE				Prima ascensione			13/08/1813	1813	proto-alpinism	Henry Maynard, Joseph-Marie Couttet, Jean Gras, Jean-Baptiste Hérin, Jean-Jacques Hérin			Henry Maynard, Joseph-Marie Couttet, Jean Gras, Jean-Baptiste Hérin, Jean-Jacques Hérin					Wikipedia
item_376	Prima ascensione: Grande Rocheuse	Grande Rocheuse	FALSE		Silver age of alpinism		Prima ascensione			17/09/1865	1865	golden age	Robert Fowler	Michel Ambroise Balmat, Michel A. Ducroz		Robert Fowler, Michel Ambroise Balmat, Michel A. Ducroz					Wikipedia
item_377	Prima ascensione: Gross Windgällen	Gross Windgällen	FALSE				Prima ascensione			1848	1848	proto-alpinism	Josef Maria Tresch-Exer, Melchior Tresch			Josef Maria Tresch-Exer, Melchior Tresch					Wikipedia
item_378	Prima ascensione: Grosshorn	Grosshorn	FALSE				Prima ascensione			26/07/1921	1921	post	H. Lauper, M. Liniger			H. Lauper, M. Liniger					Wikipedia
item_379	Prima ascensione: Monte Rothorn	Monte Rothorn	FALSE				Prima ascensione			10/08/1789	1789	proto-alpinism	Horace-Bénédict de Saussure			Horace-Bénédict de Saussure					Wikipedia
item_380	Prima ascensione: Piccolo Cervino	Piccolo Cervino	FALSE				Prima ascensione			13/08/1792	1792	proto-alpinism	Horace-Bénédict de Saussure, Joseph-Marie Couttet, J.B. Errin	cinque guide		Horace-Bénédict de Saussure, Joseph-Marie Couttet, J.B. Errin, cinque guide					Wikipedia
item_381	Prima ascensione: Roc (Gran Paradiso)	Roc (Gran Paradiso)	FALSE				Prima ascensione			22/08/1894	1894	post	C. Cookson, F. Truffer	Louis Etienne Jeantet		C. Cookson, F. Truffer, Louis Etienne Jeantet				[1]	Wikipedia
item_382	Prima ascensione: Rocca Bernauda	Rocca Bernauda	FALSE				Prima ascensione			29/06/1885	1885	post	Leopoldo Barale, Michelangelo Borgarelli, Edoardo Firez, Augusto Sibille			Leopoldo Barale, Michelangelo Borgarelli, Edoardo Firez, Augusto Sibille					Wikipedia
item_383	Prima ascensione: Similaun	Similaun	FALSE				Prima ascensione			1834	1834	proto-alpinism	Josef Raffeiner, Theodor Kaserer			Josef Raffeiner, Theodor Kaserer				Erschliessung 2, 326	Wikipedia, Wikipedia Table
item_384	Prima ascensione: Stecknadelhorn	Stecknadelhorn	FALSE				Prima ascensione			08/08/1887	1887	post	Oscar Eckenstein, Matthias Zurbriggen			Oscar Eckenstein, Matthias Zurbriggen		<iframe src="https://caisidoc.cai.it:443/opac/detail/badge/mnmt:catalog:109117?height=250&showabstract=0&coversize=normal" frameborder="0" width="600" height="250"></iframe>	<iframe src="https://caisidoc.cai.it:443/opac/detail/badge/mnmt:catalog:112233?height=300&showabstract=0&coversize=normal" frameborder="0" width="600" height="300"></iframe>	<iframe src="https://caisidoc.cai.it:443/opac/detail/badge/mnmt:catalog:20932?height=300&showabstract=0&coversize=normal" frameborder="0" width="600" height="300"></iframe>|<iframe src="https://caisidoc.cai.it:443/opac/detail/badge/mnmt:catalog:2253?height=250&showabstract=0&coversize=normal" frameborder="0" width="600" height="250"></iframe>|<iframe src="https://caisidoc.cai.it:443/opac/detail/badge/mnmt:catalog:3712?height=300&showabstract=0&coversize=normal" frameborder="0" width="600" height="300"></iframe>|<iframe src="https://caisidoc.cai.it:443/opac/detail/badge/mnmt:catalog:3712?height=300&showabstract=0&coversize=normal" frameborder="0" width="600" height="300"></iframe>|<iframe src="https://caisidoc.cai.it:443/opac/detail/badge/mnmt:catalog:4505?height=250&showabstract=0&coversize=normal" frameborder="0" width="600" height="250"></iframe>	Wikipedia
item_385	Prima ascensione: Tödi	Tödi	FALSE				Prima ascensione			1º settembre 1824	1824	proto-alpinism	Augustin Bisquolm, Placi Curschellas			Augustin Bisquolm, Placi Curschellas				Erschliessung 2, 433 (The botanist stopped 5 m below the summit)	Wikipedia, Wikipedia Table
item_386	Prima ascensione: Crodaccia Alta	Crodaccia Alta	FALSE		Prime Ascensioni sulle Dolomiti		Prima ascensione			1949	1949	post	Paolo Consiglio	Marino Dall'Oglio		Paolo Consiglio, Marino Dall'Oglio					Wikipedia
item_387	Prima ascensione: Dolgi hrbet	Dolgi hrbet	FALSE		Silver age of alpinism		Prima ascensione			1875	1875	silver age	Johannes Frischauf, Jernej Vršnik			Johannes Frischauf, Jernej Vršnik					Wikipedia
item_388	Prima ascensione: Dôme de Chasseforêt	Dôme de Chasseforêt	FALSE		Silver age of alpinism		Prima ascensione			1876	1876	silver age	Victor Puissieux, Pierre Puissieux, André Puissieux			Victor Puissieux, Pierre Puissieux, André Puissieux					Wikipedia
item_389	Prima ascensione: Dôme du Goûter	Dôme du Goûter	FALSE				Prima ascensione			17 Sep 1784	1784	proto-alpinism	Jean-Marie Couttet, François Cuidet			Jean-Marie Couttet, François Cuidet					Wikipedia Table
item_390	Prima ascensione: Dôme du Goûter	Dôme du Goûter	FALSE				Prima ascensione			14/07/1775	1775	proto-alpinism	Jean Nicolas Couteran	François Paccard, Michel Paccard, Victor Tissai		Jean Nicolas Couteran, François Paccard, Michel Paccard, Victor Tissai					Wikipedia
item_391	Prima ascensione: Finsteraarhorn	Finsteraarhorn	FALSE				Prima ascensione			10/08/1829	1829	proto-alpinism	Jakob Leuthold, Johann Währen			Jakob Leuthold, Johann Währen				Studer, Vol 2, pp. 80-4	Wikipedia, Wipedia Table
item_392	Prima ascensione: Fletschhorn	Fletschhorn	FALSE				Prima ascensione		First North	25/07/1927	1927	post	E. R. Blanchet	Oskar Supersaxo, Kaspar Mooser		E. R. Blanchet, Oskar Supersaxo, Kaspar Mooser					Wikipedia
item_393	Prima ascensione: Nesthorn	Nesthorn	FALSE		Silver age of alpinism		Prima ascensione			18/09/1875	1875	silver age	Hereford Brooke George, H. Mortimer	Ulrich Almer, Christian Almer		Hereford Brooke George, H. Mortimer, Ulrich Almer, Christian Almer					Wikipedia
item_394	Prima ascensione: Pic Sans Nom	Pic Sans Nom	FALSE		Silver age of alpinism		Prima ascensione			10/07/1877	1877	silver age	J. B. Colgrove, Richard Pendlebury	Gabriel Spectenhauser, Josef Spectenhauser		J. B. Colgrove, Richard Pendlebury, Gabriel Spectenhauser, Josef Spectenhauser					Wikipedia
item_395	Prima ascensione: Cima del Lago Bianco	Cima del Lago Bianco	FALSE		Silver age of alpinism		Prima ascensione			1870	1870	silver age	Franz Senn, V. v. Mayrl, J. Wanderer	I. Schöpf		Franz Senn, V. v. Mayrl, J. Wanderer, I. Schöpf					Wikipedia
item_396	Prima ascensione: Cima dell'Accla	Cima dell'Accla	FALSE				Prima ascensione			17/08/1887	1887	post	Carl Hofer, Albert Wachtler, Demeter Diamantidi, Peter Kotter			Carl Hofer, Albert Wachtler, Demeter Diamantidi, Peter Kotter					Wikipedia
item_397	Prima ascensione: Cima Dura	Cima Dura	FALSE		Silver age of alpinism		Prima ascensione			01/07/1877	1877	silver age	C. Arnold, Josef Außerhofer			C. Arnold, Josef Außerhofer					Wikipedia
item_398	Prima ascensione: Cima Libera	Cima Libera	FALSE		Silver age of alpinism		Prima ascensione			1865	1865	golden age	F. Leis			F. Leis					Wikipedia
item_399	Prima ascensione: Cima Pisciadù	Cima Pisciadù	FALSE		Silver age of alpinism, Prime Ascensioni sulle Dolomiti		Prima ascensione			1872	1872	silver age	Johannes Alton, Joseph Alton			Johannes Alton, Joseph Alton				Fabio Favaretto e Andrea Zannini, Gruppo di Sella, Guida dei Monti d'Italia, Milano, Club Alpino Italiano e Touring Club Italiano, 1991.	Wikipedia
item_400	Prima ascensione: Cima Tessa	Cima Tessa	FALSE		Silver age of alpinism		Prima ascensione			22/07/1871	1871	silver age	Theodor Petersen	L. Ennemoser, J. Hellriegl		Theodor Petersen, L. Ennemoser, J. Hellriegl					Wikipedia
item_401	Prima ascensione: Monte Rosso (Alpi Venoste)	Monte Rosso (Alpi Venoste)	FALSE		Silver age of alpinism		Prima ascensione			14/07/1872	1872	silver age	Theodor Petersen, Rochus Raffeiner, Illdefons Kobler			Theodor Petersen, Rochus Raffeiner, Illdefons Kobler					Wikipedia
item_402	Prima ascensione: Monte Silvretta	Monte Silvretta	FALSE		Silver age of alpinism		Prima ascensione			1865	1865	golden age	Jules Jacot	due guide		Jules Jacot, due guide					Wikipedia
item_403	Prima ascensione: Monte Zingla	Monte Zingla	FALSE				Prima ascensione			1906	1906	post	Francesco Coppellotti, Paolino Tonelli			Francesco Coppellotti, Paolino Tonelli					Wikipedia
item_404	Prima ascensione: Piz Kesch	Piz Kesch	FALSE				Prima ascensione			7 Sep 1846	1846	proto-alpinism	Johann Coaz, Jakob Rascher, Christian Casper, Jon Ragut Tscharner			Johann Coaz, Jakob Rascher, Christian Casper, Jon Ragut Tscharner				Studer, Vol 3, pp. 355-6	Wikipedia, Wikipedia Table
item_405	Prima ascensione: Piz Scerscen	Piz Scerscen	FALSE		Silver age of alpinism		Prima ascensione			13/09/1877	1877	silver age	Paul Güssfeldt	Hans Grass, Kaspar Capat		Paul Güssfeldt, Hans Grass, Kaspar Capat					Wikipedia
item_406	Prima ascensione: Pizzo Badile Camuno	Pizzo Badile Camuno	FALSE				Prima ascensione			25/05/1884	1884	post	Battista Beatrici, Francesco Ballardini			Battista Beatrici, Francesco Ballardini					Wikipedia
item_407	Prima ascensione: Pizzo Bernina	Pizzo Bernina	FALSE				Prima ascensione			13/09/1850	1850	proto-alpinism	Johann Coaz, Jon Tscharner,  Lorenz Ragut Tscharner			Johann Coaz, Jon Tscharner,  Lorenz Ragut Tscharner				[1]	Wikipedia
item_408	Prima ascensione: Pizzo del Diavolo di Tenda	Pizzo del Diavolo di Tenda	FALSE		Silver age of alpinism		Prima ascensione			01/09/1870	1870	silver age	Alessandro Rossi			Alessandro Rossi					Wikipedia
item_409	Prima ascensione: Pizzo Suretta	Pizzo Suretta	FALSE		Silver age of alpinism		Prima ascensione			18/07/1869	1869	silver age	Arnold Baltzer	Georg Trepp		Arnold Baltzer, Georg Trepp					Wikipedia
item_410	Prima ascensione: Polluce (monte)	Polluce (monte)	FALSE		Golden age of alpinism		Prima ascensione			1º agosto 1864	1864	golden age	Peter Taugwalder senior, Jules Jacot			Peter Taugwalder senior, Jules Jacot					Wikipedia
item_411	Prima ascensione: Presolana	Presolana	FALSE		Silver age of alpinism		Prima ascensione			03/10/1870	1870	silver age	A. Curò, F. Frizzoni, C. Medici			A. Curò, F. Frizzoni, C. Medici					Wikipedia
item_412	Prima ascensione: Punta Bianca (Alpi della Zillertal)	Punta Bianca (Alpi della Zillertal)	FALSE		Silver age of alpinism		Prima ascensione			08/08/1871	1871	silver age	Erich Künigl			Erich Künigl					Wikipedia
item_413	Prima ascensione: Punta di Finale	Punta di Finale	FALSE		Silver age of alpinism		Prima ascensione			08/09/1865	1865	golden age	Franz Senn	Cyprian Granbichler, Josef Gstrein		Franz Senn, Cyprian Granbichler, Josef Gstrein					Wikipedia
item_414	Prima ascensione: Tour Jaune de Barabbas	Tour Jaune de Barabbas	FALSE				Prima ascensione			05/08/1907	1907	post	L. Noel, M. R. Touchon			L. Noel, M. R. Touchon					Wikipedia
item_415	Prima ascensione: Tour Noir	Tour Noir	FALSE		Silver age of alpinism		Prima ascensione			03/08/1876	1876	silver age	E. Javelle, F. F. Turner	Joseph Moser, F. Tournier		E. Javelle, F. F. Turner, Joseph Moser, F. Tournier					Wikipedia
item_416	Prima ascensione: Velika Baba	Velika Baba	FALSE				Prima ascensione			1896	1896	post	Lovrenc Potočnik, Louise Schütz, Paula Schütz			Lovrenc Potočnik, Louise Schütz, Paula Schütz					Wikipedia
item_417	Prima ascensione: Vordere Kopfwand	Vordere Kopfwand	FALSE				Prima ascensione			10/08/1922	1922	post	H. Heinzl, G. Köhler			H. Heinzl, G. Köhler					Wikipedia
item_418	Prima ascensione: Wellenkuppe	Wellenkuppe	FALSE		Silver age of alpinism		Prima ascensione			1º luglio 1865	1865	golden age	Lord Francis Douglas	P. Inäbnit, Peter Taugwalder senior		Lord Francis Douglas, P. Inäbnit, Peter Taugwalder senior					Wikipedia
item_419	Prima ascensione: Zeleniške	Zeleniške	FALSE				Prima ascensione			1911	1911	post	Bogomil Brinšek, Ivan Kovač, Pavel Kunaver, Ivan Michler, Ivan Tavča			Bogomil Brinšek, Ivan Kovač, Pavel Kunaver, Ivan Michler, Ivan Tavča					Wikipedia
item_420	Prima ascensione: Cima Maledia	Cima Maledia	FALSE				Prima ascensione			1895	1895	post	M. Louis Maubert, Jean-Baptiste Plent			M. Louis Maubert, Jean-Baptiste Plent					Wikipedia
item_421	Prima ascensione: Kitzsteinhorn	Kitzsteinhorn	FALSE				Prima ascensione			1828	1828	proto-alpinism	Johann Entacher			Johann Entacher				Erschliessung 3, 220-1	Wikipedia, Wikipedia Table
item_422	Prima ascensione: Ludwigshöhe	Ludwigshöhe	FALSE				Prima ascensione			25/08/1822	1822	proto-alpinism	Ludwig van Welden			Ludwig van Welden					Wikipedia
item_423	Prima ascensione: Mont Greuvetta	Mont Greuvetta	FALSE		Silver age of alpinism		Prima ascensione			15/08/1876	1876	silver age	Lionel Dècle	Henry Devouassoud, Edouard Cupelin		Lionel Dècle, Henry Devouassoud, Edouard Cupelin				[1]	Wikipedia
item_424	Prima ascensione: Cima di Entrelor	Cima di Entrelor	FALSE		Silver age of alpinism		Prima ascensione			14/08/1877	1877	silver age	Pierre Puiseux, Louis Boutan			Pierre Puiseux, Louis Boutan				[1]	Wikipedia
item_425	Prima ascensione: Dammastock	Dammastock	FALSE		Golden age of alpinism		Prima ascensione			28/07/1864	1864	golden age	Albert Hoffmann-Burkhardt	Johann Fischer e Andreas von Weissenfluh		Albert Hoffmann-Burkhardt, Johann Fischer e Andreas von Weissenfluh					Wikipedia
item_426	Prima ascensione: Hockenhorn	Hockenhorn	FALSE				Prima ascensione			1840	1840	proto-alpinism	Arthur Thomas Malkin			Arthur Thomas Malkin					Wikipedia
item_427	Prima ascensione: Campanile di Val Montanaia	Campanile di Val Montanaia	FALSE				Prima ascensione			17/09/1902	1902	post	Victor Wolf  von Glanvell, Karl von Saar			Victor Wolf  von Glanvell, Karl von Saar					Wikipedia
item_428	Prima ascensione: Jôf di Montasio	Jôf di Montasio	FALSE		Silver age of alpinism		Prima ascensione			1877	1877	silver age	Herman Findenegg			Herman Findenegg					Wikipedia
item_429	Prima ascensione: Monte Brulé	Monte Brulé	FALSE				Prima ascensione			06/08/1882	1882	silver age	Alphonse Chambrelent, André Michelin, Edouard Michelin, Pierre Puiseux, Bernard Wolff, Marc Wolff			Alphonse Chambrelent, André Michelin, Edouard Michelin, Pierre Puiseux, Bernard Wolff, Marc Wolff					Wikipedia
item_430	Prima ascensione: Monte Oronaye	Monte Oronaye	FALSE				Prima ascensione			01/08/1883	1883	post	Giovanni Masini, Ettore Troya			Giovanni Masini, Ettore Troya					Wikipedia
item_431	Prima ascensione: Punta Calabre	Punta Calabre	FALSE		Silver age of alpinism		Prima ascensione			07/08/1881	1881	silver age	Ettore Troya	caporali alpini		Ettore Troya, caporali alpini				[1]	Wikipedia
item_432	Prima ascensione: Punta Valletta	Punta Valletta	FALSE				Prima ascensione			01/09/1888	1888	post	Guglielmina Cibrario, Luigi Cibrario, Enrico Marchesi			Guglielmina Cibrario, Luigi Cibrario, Enrico Marchesi				[1]	Wikipedia
item_433	Prima ascensione: Tête du Rouget	Tête du Rouget	FALSE		Silver age of alpinism		Prima ascensione			23/07/1877	1877	silver age	Emmanuel Boileau de Castelnau	Pierre Gaspard padre e figlio		Emmanuel Boileau de Castelnau, Pierre Gaspard padre e figlio					Wikipedia
item_434	Prima ascensione: Denti d'Ambin	Denti d'Ambin	FALSE				Prima ascensione			14/07/1884	1884	post	Giovanni Gerra	Edoardo Sibille, Francesco Sibille		Giovanni Gerra, Edoardo Sibille, Francesco Sibille					Wikipedia
item_435	Prima ascensione: Hoher Dachstein	Hoher Dachstein	FALSE				Prima ascensione	Unisputed	The question of the first successful ascent has been a matter of controversial discussion even in contemporary newspaper articles. Two potential summit successes occurred in 1819 and 1823 by Jakob Buchsteiner, the latter of which is today thought to be the first ascent of neighbouring Torstein. The first person to reach the summit in winter was Friedrich Simony, on 14 January 1847. The sheer southern face was first climbed on 22 September 1909 by the brothers Irg and Franz Steiner.	14 January 1847	1847	proto-alpinism	Friedrich Simony			Friedrich Simony					Wikipedia
item_436	Ipotesi meno accreditata sulla prima ascensione: Hoher Dachstein	Hoher Dachstein	FALSE				Ipotesi meno accreditata sulla prima ascensione	Less credited	The question of the first successful ascent has been a matter of controversial discussion even in contemporary newspaper articles. Two potential summit successes occurred in 1819 and 1823 by Jakob Buchsteiner, the latter of which is today thought to be the first ascent of neighbouring Torstein. The first person to reach the summit in winter was Friedrich Simony, on 14 January 1847. The sheer southern face was first climbed on 22 September 1909 by the brothers Irg and Franz Steiner.	1823	1823	proto-alpinism	Jakob Buchsteiner			Jakob Buchsteiner					Wikipedia
item_437	Ipotesi meno accreditata sulla prima ascensione: Hoher Dachstein	Hoher Dachstein	FALSE				Ipotesi meno accreditata sulla prima ascensione	Less credited	The question of the first successful ascent has been a matter of controversial discussion even in contemporary newspaper articles. Two potential summit successes occurred in 1819 and 1823 by Jakob Buchsteiner, the latter of which is today thought to be the first ascent of neighbouring Torstein. The first person to reach the summit in winter was Friedrich Simony, on 14 January 1847. The sheer southern face was first climbed on 22 September 1909 by the brothers Irg and Franz Steiner.	1819	1819	proto-alpinism	Jakob Buchsteiner			Jakob Buchsteiner					Wikipedia
item_438	Ipotesi sulla prima ascensione: Hoher Dachstein	Hoher Dachstein	FALSE				Ipotesi sulla prima ascensione	Alternative Hypotheses		1832	1832	proto-alpinism	Peter Gappmayr			Peter Gappmayr				Erschliessung 1, 331-2, 335	Wikipedia Table
item_439	Ipotesi attualmente riconosciuta sulla prima ascensione: Hoher Dachstein	Hoher Dachstein	FALSE				Ipotesi attualmente riconosciuta sulla prima ascensione	Settled		04/09/1834	1834	proto-alpinism	Peter Carl Thurwieser	Adam Gappmayr, Peter Gappmayr		Peter Carl Thurwieser, Adam Gappmayr, Peter Gappmayr					Wikipedia
item_440	Prima ascensione: Jägerhorn	Jägerhorn	FALSE		Silver age of alpinism		Prima ascensione		via the Routier glacier (variant of the normal route)	17/07/1867	1867	silver age	Charles Edward Mathews, F. Morshead	Christian Almer, Andreas Maurer		Charles Edward Mathews, F. Morshead, Christian Almer, Andreas Maurer					Wikipedia
item_441	Prima ascensione: Punta Zumstein	Punta Zumstein	FALSE				Prima ascensione	Undisputed		01/08/1820	1820	proto-alpinism	Joseph Vincent, Johann Niklaus Vincent, Joseph Zumstein, Molinatti, François Castel	Altri cinque		Joseph Vincent, Johann Niklaus Vincent, Joseph Zumstein, Molinatti, François Castel, Altri cinque				Descrizione del negativo fotografico: Francesco Ravelli di fronte al Monte Rosa[https://caisidoc.cai.it/risultati-della-ricerca/detail/view/mnmt:catalog:118363]	Wikipedia
item_442	Prima ascensione: Roc della Niera	Roc della Niera	FALSE		Silver age of alpinism		Prima ascensione			1879	1879	silver age	Tenente Siccardi (Istituto Geografico Militare)			Tenente Siccardi (Istituto Geografico Militare)				[1]	Wikipedia
item_443	Prima ascensione: Rocca dei Tre Vescovi	Rocca dei Tre Vescovi	FALSE				Prima ascensione			01/08/1883	1883	post	Ettore Troya, P. Vigliardi, due soldati anonimi			Ettore Troya, P. Vigliardi, due soldati anonimi					Wikipedia
item_444	Prima ascensione: Rocca Provenzale	Rocca Provenzale	FALSE				Prima ascensione			1850	1850	proto-alpinism	don Agostino Provenzale			don Agostino Provenzale					Wikipedia
item_445	Prima ascensione: Rocce Fourioun	Rocce Fourioun	FALSE				Prima ascensione			ca. 1850	1850	proto-alpinism	Topografi del Regno di Sardegna			Topografi del Regno di Sardegna					Wikipedia
item_446	Prima ascensione: Rosa dei Banchi	Rosa dei Banchi	FALSE				Prima ascensione			1831	1831	proto-alpinism	Capitano Albert dello Stato Maggiore Sardo			Capitano Albert dello Stato Maggiore Sardo					Wikipedia
item_447	Prima ascensione: Testa Malinvern	Testa Malinvern	FALSE				Prima ascensione			1878	1878	silver age	Tenente Siccardi (Istituto Geografico Militare)			Tenente Siccardi (Istituto Geografico Militare)					Wikipedia
item_448	Prima ascensione: Torre d'Ovarda	Torre d'Ovarda	FALSE		Silver age of alpinism		Prima ascensione			12/08/1872	1872	silver age	Michele Lessona, Paolo Ballada di Saint Robert, Giovanni Struver, A. Gras	G.B. Sefusatti padre e figlio		Michele Lessona, Paolo Ballada di Saint Robert, Giovanni Struver, A. Gras, G.B. Sefusatti padre e figlio					Wikipedia
item_449	Prima ascensione: Tsanteleina	Tsanteleina	FALSE		Silver age of alpinism		Prima ascensione			09/08/1865	1865	golden age	Thomas Blanford, Robert Cradock Nichols, Edward Penning Rowsell, Joseph Victor Favret, Frasseron			Thomas Blanford, Robert Cradock Nichols, Edward Penning Rowsell, Joseph Victor Favret, Frasseron				[1]	Wikipedia
item_450	Prima ascensione: Turska gora	Turska gora	FALSE				Prima ascensione			1893	1893	post	Miha Kos, Miha Uršič			Miha Kos, Miha Uršič					Wikipedia
item_451	Prima ascensione: Pizzo Badile	Pizzo Badile	FALSE		Silver age of alpinism		Prima ascensione			27/07/1867	1867	silver age	William Auguste Coolidge, François Devouassoud, Henry Dévouassoud			William Auguste Coolidge, François Devouassoud, Henry Dévouassoud				Studer, Vol 3, pp. 233-4	Wikipedia
item_452	Prima ascensione: Schreckhorn	Schreckhorn	FALSE		Golden age of alpinism		Prima ascensione			16/08/1861	1861	golden age	Peter Michel, Leslie Stephen, Ulrich Kaufmann, Christian Michel			Peter Michel, Leslie Stephen, Ulrich Kaufmann, Christian Michel				Leslie Stephen, The Ascent of the Schreckhorn, Peaks, Passes, and Glaciers, Volume 2, pp 3-14, London: Longman, Green, Longman, and Roberts, 1862	Wikipedia, Wikipedia Table
item_453	Prima ascensione: Doldenhorn	Doldenhorn	FALSE		Golden age of alpinism		Prima ascensione			30/06/1862	1862	golden age	J. Bischoff, K. Blatter, Christian Lauener, G. Reichen, A. Roth, Edmund von Fellenberg			J. Bischoff, K. Blatter, Christian Lauener, G. Reichen, A. Roth, Edmund von Fellenberg					Wikipedia
item_454	Prima ascensione: Aiguille de Talèfre	Aiguille de Talèfre	FALSE		Silver age of alpinism		Prima ascensione			25/08/1879	1879	silver age	Johan Baumann, F. J. Cullinam, G. Fitzgerald, Émile Rey, Joseph Moser, Laurent Lanier			Johan Baumann, F. J. Cullinam, G. Fitzgerald, Émile Rey, Joseph Moser, Laurent Lanier				Renato Chabod, Lorenzo Grivel, Silvio Saglio, Gino Buscaini, Monte Bianco, vol. 2, Guida dei Monti d'Italia, Milano, Club Alpino Italiano e Touring Club Italiano, 1968. [p. 246]	Wikipedia
item_455	Prima ascensione: Corno Stella	Corno Stella	FALSE				Prima ascensione			22/08/1903	1903	post	Victor de Cessole, Jean-Baptiste Plent, Andrea Ghigo	Peter Knubel, Niklaus Knubel, Eduard Cupelin, tre portatori		Victor de Cessole, Jean-Baptiste Plent, Andrea Ghigo, Peter Knubel, Niklaus Knubel, Eduard Cupelin, tre portatori				[1]	Wikipedia
item_456	Ipotesi attualmente riconosciuta sulla prima ascensione: Grivola	Grivola	FALSE		Golden age of alpinism		Ipotesi attualmente riconosciuta sulla prima ascensione	Settled	Era il 23 agosto 1859 quando il nostro traduttore arriva a pochi metri dalla cima dell’ardua Grivola bella, come la definì il Carducci. Con lui un altro lord inglese, R. Bruce e due guide di Chamonix, Tairraz e Cachat. Stremati dalla salita, guardano con invidia il guardiacaccia di Valsavarenche Fidèle Dayné raggiungere la cima e issarvi una bandiera. È lui il primo uomo a calpestare la vetta di questa montagna magnetica.	23/08/1859	1859	golden age	John Ormsby, R. Bruce, Fidèle-Ambroise Dayné, Zachary Cachat, Jean Tairraz			John Ormsby, R. Bruce, Fidèle-Ambroise Dayné, Zachary Cachat, Jean Tairraz		John Ormsby (1862) Ascent of the Grivola in Peaks, Passes, and Glaciers, pp. 318-38			Wikipedia, Wikipedia Table
item_457	Prima ascensione: Grivoletta	Grivoletta	FALSE				Prima ascensione			14/08/1885	1885	post	George Yeld, S. Henry, J. Jeantet			George Yeld, S. Henry, J. Jeantet				[1]	Wikipedia
item_458	Prima ascensione: Lauteraarhorn	Lauteraarhorn	FALSE				Prima ascensione			08/08/1842	1842	proto-alpinism	Pierre Jean Édouard Desor, Christian Girard, Arnold Escher von der Linth	Melchior Bannholzer, Jakob Leuthold		Pierre Jean Édouard Desor, Christian Girard, Arnold Escher von der Linth, Melchior Bannholzer, Jakob Leuthold					Wikipedia, Wikipedia Table
item_459	Prima ascensione: Lyskamm Occidentale	Lyskamm Occidentale	FALSE		Golden age of alpinism		Prima ascensione			16/08/1864	1864	golden age	Leslie Stephen, Edward North Buxton	Jakob Anderegg, Franz Biner		Leslie Stephen, Edward North Buxton, Jakob Anderegg, Franz Biner					Wikipedia
item_460	Prima ascensione: Mönch	Mönch	FALSE		Golden age of alpinism		Prima ascensione			15/08/1857	1857	golden age	Christian Almer, Christian Kaufmann, Ulrich Kaufmann, Sigismund Porges			Christian Almer, Christian Kaufmann, Ulrich Kaufmann, Sigismund Porges				Studer, Vol 1, pp. 144-5	Wikipedia, Wikipedia Table
item_461	Ipotesi sulla prima ascensione: Punta Dufour	Punta Dufour	FALSE		Golden age of alpinism		Ipotesi sulla prima ascensione	Competing Hypothesis		1º agosto 1855	1855	golden age	John Birkbeck, Charles Hudson, Ulrich Lauener, Christopher Smyth, James G. Smyth, Edward Stephenson	Matthäus Zumtaugwald, Johannes Zumtaugwald		John Birkbeck, Charles Hudson, Ulrich Lauener, Christopher Smyth, James G. Smyth, Edward Stephenson, Matthäus Zumtaugwald, Johannes Zumtaugwald				Studer, Vol 2, pp. 85-6	Wikipedia, Wikipedia Table
item_462	Prima ascensione: Punta Scais	Punta Scais	FALSE		Silver age of alpinism		Prima ascensione			03/07/1881	1881	silver age	Luigi Albani, Giuseppe Nievo, Ilario Zamboni, Isaia Bonetti, Antonio Baroni			Luigi Albani, Giuseppe Nievo, Ilario Zamboni, Isaia Bonetti, Antonio Baroni				[1]	Wikipedia
item_463	Prima ascensione: Torre di Brenta	Torre di Brenta	FALSE				Prima ascensione			24/06/1882	1882	silver age	Edward Theodore Compton, Matteo Nicolussi			Edward Theodore Compton, Matteo Nicolussi					Wikipedia
item_464	Prima ascensione: Corno di Cavento	Corno di Cavento	FALSE		Silver age of alpinism		Prima ascensione			03/09/1868	1868	silver age	Julius von Payer, Coronna, Griesmayer, Haller			Julius von Payer, Coronna, Griesmayer, Haller					Wikipedia
item_465	Prima ascensione: Grande Casse	Grande Casse	FALSE		Golden age of alpinism		Prima ascensione			08/08/1860	1860	golden age	William Mathews, Michel Croz, Étienne Favre			William Mathews, Michel Croz, Étienne Favre					Wikipedia, Wikipedia Table
item_466	Prima ascensione: Mont Avic	Mont Avic	FALSE		Silver age of alpinism		Prima ascensione			1875	1875	silver age	Martino Baretti, Bovio, Santelli			Martino Baretti, Bovio, Santelli					Wikipedia
item_467	Prima ascensione: Monte Cridola	Monte Cridola	FALSE				Prima ascensione			1884	1884	post	Julius Kugy, Pacifico Zande, Giacomo Orsolina (guida di Auronzo di Cadore)			Julius Kugy, Pacifico Zande, Giacomo Orsolina (guida di Auronzo di Cadore)					Wikipedia
item_468	Prima ascensione: Pizzo Scalino	Pizzo Scalino	FALSE		Silver age of alpinism		Prima ascensione			22/06/1866	1866	silver age	Francis Fox Tuckett, Brown	guide Almer e Andermatten		Francis Fox Tuckett, Brown, guide Almer e Andermatten					Wikipedia
item_469	Prima ascensione: Planjava	Planjava	FALSE				Prima ascensione			1793	1793	proto-alpinism	Franz von Hohenwart, Spruk			Franz von Hohenwart, Spruk					Wikipedia
item_470	Prima ascensione: Punta delle Sengie	Punta delle Sengie	FALSE		Silver age of alpinism		Prima ascensione			04/09/1876	1876	silver age	Douglas William Freshfield, Charles Comyns Tucker, D. Minnigerode, F. Devouassoud and P. L. Guichardaz			Douglas William Freshfield, Charles Comyns Tucker, D. Minnigerode, F. Devouassoud and P. L. Guichardaz					Wikipedia
item_471	Prima ascensione: Scharwandeck	Scharwandeck	FALSE				Prima ascensione			07/09/1913	1913	post	maggiore E. v.,  Hans Reinl,  Anton Steinmaier, Felix Steinmaier, K. Wieshammer			maggiore E. v.,  Hans Reinl,  Anton Steinmaier, Felix Steinmaier, K. Wieshammer					Wikipedia
item_472	Prima ascensione: Uia di Ciamarella	Uia di Ciamarella	FALSE		Golden age of alpinism		Prima ascensione			31/07/1857	1857	golden age	Antonio Tonini e Ambrosini			Antonio Tonini e Ambrosini					Wikipedia
item_473	Prima ascensione: Uia di Mondrone	Uia di Mondrone	FALSE		Golden age of alpinism		Prima ascensione			1857	1857	golden age	Antonio Tonini e Ambrosini			Antonio Tonini e Ambrosini					Wikipedia
item_474	Prima ascensione: Pic Eccles	Pic Eccles	FALSE		Silver age of alpinism		Prima ascensione			31/08/1874	1874	silver age	probabilmente James Aubrey-Garth-Marshall, Johann Fisher, Ulrich Almer			probabilmente James Aubrey-Garth-Marshall, Johann Fisher, Ulrich Almer				Renato Chabod, Lorenzo Grivel, Silvio Saglio, Monte Bianco, vol. I, Guida dei Monti d'Italia, Milano, Club Alpino Italiano e Touring Club Italiano, 1963.	Wikipedia
item_475	Prima ascensione: Aiguille de Triolet	Aiguille de Triolet	FALSE		Silver age of alpinism		Prima ascensione			26/08/1874	1874	silver age	James Aubrey-Garth-Marshall, Johann Fischer, Ulrich Almer			James Aubrey-Garth-Marshall, Johann Fischer, Ulrich Almer					Wikipedia
item_476	Prima ascensione: Cima d'Ambiez	Cima d'Ambiez	FALSE		Silver age of alpinism		Prima ascensione			05/09/1880	1880	silver age	N. Gaskel, Maurice Holzmann, Johann Kaufmann			N. Gaskel, Maurice Holzmann, Johann Kaufmann					Wikipedia
item_477	Prima ascensione: Blinnenhorn	Blinnenhorn	FALSE		Silver age of alpinism		Prima ascensione			05/09/1866	1866	silver age	Sedley Taylor, Johann Tännler, Franz Guntern (or Guntren)			Sedley Taylor, Johann Tännler, Franz Guntern (or Guntren)				[3] [4]	Wikipedia
item_478	Prima ascensione: Piz Corvatsch	Piz Corvatsch	FALSE				Prima ascensione			13/07/1850	1850	proto-alpinism	Johann Coaz, compagni			Johann Coaz, compagni				[1]	Wikipedia
item_479	Prima ascensione: Ago di Nardis	Ago di Nardis	FALSE				Prima ascensione			28/07/1885	1885	post	Alberto de Falkner, O. de Falkner, I. Salvatori, A. Tambosi			Alberto de Falkner, O. de Falkner, I. Salvatori, A. Tambosi					Wikipedia
item_480	Prima ascensione: Aiguille du Tour	Aiguille du Tour	FALSE				Prima ascensione			1926	1926	post	M. Dreyfus, R. Duval, P. Henry, M. Ichac			M. Dreyfus, R. Duval, P. Henry, M. Ichac					Wikipedia
item_481	Prima ascensione: Albaron di Savoia	Albaron di Savoia	FALSE		Silver age of alpinism		Prima ascensione			02/09/1866	1866	silver age	R. C. Nichols, J.V. Favret			R. C. Nichols, J.V. Favret				[1]	Wikipedia
item_482	Prima ascensione: Becca di Nona	Becca di Nona	FALSE				Prima ascensione			1832	1832	proto-alpinism	Ing. Casalegno dello Stato Maggiore Sardo			Ing. Casalegno dello Stato Maggiore Sardo					Wikipedia
item_483	Prima ascensione: Bellecôte	Bellecôte	FALSE		Silver age of alpinism		Prima ascensione			12/09/1866	1866	silver age	Nichols e Roswell	con guide di Chamonix		Nichols e Roswell, con guide di Chamonix					Wikipedia
item_484	Prima ascensione: Cadreghe di Viso	Cadreghe di Viso	FALSE				Prima ascensione			26/08/1878	1878	silver age	Paul Guillemin, André Salvador de Quatrefages, Pic e Véritier			Paul Guillemin, André Salvador de Quatrefages, Pic e Véritier					Wikipedia
item_485	Prima ascensione: Cima del Fop	Cima del Fop	FALSE				Prima ascensione			1913	1913	post	Caccia-Corio-Previtali, versante nordLocatelli-Carenini-Biffi, versante nord-est			Caccia-Corio-Previtali, versante nordLocatelli-Carenini-Biffi, versante nord-est					Wikipedia
item_486	Prima ascensione: Cima della Bondasca	Cima della Bondasca	FALSE		Silver age of alpinism		Prima ascensione			1876	1876	silver age	Held			Held				AA. VV., Geographisches Lexikon der Schweiz, Neuenburg, Verlag von Gebrüder Attinger, 1902-1910, vol. I, 311.	Wikipedia
item_487	Prima ascensione: Cima di Valmora (N)	Cima di Valmora (N)	FALSE				Prima ascensione			1929	1929	post	Corio-Carminati			Corio-Carminati					Wikipedia
item_488	Prima ascensione: Cima Nera (Alpi Venoste)	Cima Nera (Alpi Venoste)	FALSE		Silver age of alpinism		Prima ascensione			10/09/1867	1867	silver age	E. Pfeiffer, B. Klotz, J. Scheiber			E. Pfeiffer, B. Klotz, J. Scheiber					Wikipedia
item_489	Prima ascensione: Cimone della Bagozza	Cimone della Bagozza	FALSE				Prima ascensione			08/07/1934	1934	post	Riccardo Cassin, R. Varallo, A. Frattini			Riccardo Cassin, R. Varallo, A. Frattini				[1]	Wikipedia
item_490	Prima ascensione: Cinque Torri	Cinque Torri	FALSE		Prime Ascensioni sulle Dolomiti		Prima ascensione			15/07/1930	1930	post	P. Dallamano, R. Ghirardini			P. Dallamano, R. Ghirardini					Wikipedia
item_491	Prima ascensione: Clariden	Clariden	FALSE		Golden age of alpinism		Prima ascensione			13/08/1863	1863	golden age	Rambert, Streiff, Stüssi			Rambert, Streiff, Stüssi					Wikipedia
item_492	Prima ascensione: Corno Baitone	Corno Baitone	FALSE				Prima ascensione			1890	1890	post	Paolo Prudenzini			Paolo Prudenzini					Wikipedia
item_493	Prima ascensione: Corno Baitone	Corno Baitone	FALSE				Prima ascensione			precedente al1890	1890	post	Sconosciuto			Sconosciuto					Wikipedia
item_494	Prima ascensione: Corno Bianco (Alpi Pennine)	Corno Bianco (Alpi Pennine)	FALSE				Prima ascensione			1831	1831	proto-alpinism	Capitano Albert			Capitano Albert					Wikipedia
item_495	Prima ascensione: Corno Nero (Alpi Pennine)	Corno Nero (Alpi Pennine)	FALSE		Silver age of alpinism		Prima ascensione			18/08/1873	1873	silver age	Marco Maglioli, Alberto Rothschild			Marco Maglioli, Alberto Rothschild					Wikipedia
item_496	Prima ascensione: Cornone di Blumone	Cornone di Blumone	FALSE				Prima ascensione			1878	1878	silver age	tenente Litzi-Richiudei (XXI compagnia degliAlpini)			tenente Litzi-Richiudei (XXI compagnia degliAlpini)					Wikipedia
item_497	Prima ascensione: Creta Grauzaria	Creta Grauzaria	FALSE				Prima ascensione			18/06/1893	1893	post	Arturo Ferrucci, Emilio Pico	Giovanni Filaferro, Giacomo Filaferro		Arturo Ferrucci, Emilio Pico, Giovanni Filaferro, Giacomo Filaferro					Wikipedia
item_498	Prima ascensione: Crodon di Giaf	Crodon di Giaf	FALSE				Prima ascensione			27/09/1901	1901	post	L. D'Agostini	Giovanni Battista Della Santa		L. D'Agostini, Giovanni Battista Della Santa					Wikipedia
item_499	Prima ascensione: Crozzon di Brenta	Crozzon di Brenta	FALSE				Prima ascensione			08/08/1884	1884	post	K. Schulz	M. Nicolussi		K. Schulz, M. Nicolussi					Wikipedia
item_500	Prima ascensione: Dent de Perroc	Dent de Perroc	FALSE		Silver age of alpinism		Prima ascensione			31/08/1871	1871	silver age	A.B. Hamilton, W.R. Rickman, Jean Anzévui, Jean Vuignier			A.B. Hamilton, W.R. Rickman, Jean Anzévui, Jean Vuignier					Wikipedia
item_501	Prima ascensione: Grand Bérard	Grand Bérard	FALSE				Prima ascensione			1820	1820	proto-alpinism	Capitano Durand			Capitano Durand					Wikipedia
item_502	Prima ascensione: Grand Combin	Grand Combin	FALSE		Golden age of alpinism		Prima ascensione			30/07/1859	1859	golden age	Charles Joseph Sainte-Claire Deville, Daniel Balleys, Emanuel Balleys, Gaspard Balleys, Basile Dorsaz			Charles Joseph Sainte-Claire Deville, Daniel Balleys, Emanuel Balleys, Gaspard Balleys, Basile Dorsaz				Studer, Vol 2, pp. 220-2	Wikipedia, Wikipedia Table
item_503	Prima ascensione: Grand Combin de Grafeneire	Grand Combin de Grafeneire	FALSE		Golden age of alpinism		Prima ascensione			30/07/1859	1859	golden age	Charles Joseph Sainte-Claire Deville, Daniel Balleys, Emanuel Balleys, Gaspard Balleys, Basile Dorsaz			Charles Joseph Sainte-Claire Deville, Daniel Balleys, Emanuel Balleys, Gaspard Balleys, Basile Dorsaz					Wikipedia
item_504	Prima ascensione: Grand Pic de Belledonne	Grand Pic de Belledonne	FALSE		Golden age of alpinism		Prima ascensione			16/08/1859	1859	golden age	E. Favier, S. Chapuis, A. Perrin, M. Perrin, F. Perrin			E. Favier, S. Chapuis, A. Perrin, M. Perrin, F. Perrin					Wikipedia
item_505	Prima ascensione: Grande Motte	Grande Motte	FALSE		Golden age of alpinism		Prima ascensione			1864	1864	golden age	Cuthbert, Blandford, Rowsell			Cuthbert, Blandford, Rowsell				[1]	Wikipedia
item_506	Prima ascensione: Grande Rousse	Grande Rousse	FALSE		Golden age of alpinism		Prima ascensione			13-14 agosto 1864	1864	golden age	T. Blansford, Chutbert, Neighbour, R. C. Nichols, E. P. Roswell, J. V. Favret, M. Brunod			T. Blansford, Chutbert, Neighbour, R. C. Nichols, E. P. Roswell, J. V. Favret, M. Brunod				[1]	Wikipedia
item_507	Prima ascensione: Granta Parey	Granta Parey	FALSE		Golden age of alpinism		Prima ascensione			22/08/1863	1863	golden age	Nichols Blanford e Rowsell	Favret e Jacob		Nichols Blanford e Rowsell, Favret e Jacob				[1]	Wikipedia
item_508	Prima ascensione: Großglockner	Großglockner	FALSE				Prima ascensione		the Glokners and two other locals, guiding an hour later parson Mathias Hautzendorfer	28/07/1800	1800	proto-alpinism	Sepp e Martin Klotz, Martin Reicher, Matthias Hautzendorfer, un altro			Sepp e Martin Klotz, Martin Reicher, Matthias Hautzendorfer, un altro				Erschliessung 3, 170-2, Klemun, pp. 160-7	Wikipedia, Wikipedia Table
item_509	Prima ascensione: Haute Cime des Dents du Midi	Haute Cime des Dents du Midi	FALSE				Prima ascensione			1784	1784	proto-alpinism	Jean-Maurice Clément			Jean-Maurice Clément				Studer, Vol 2, pp. 53-4	Wikipedia Table
item_510	Prima ascensione: Hochgolling	Hochgolling	FALSE				Prima ascensione			08/08/1791	1791	proto-alpinism	alpinista sconosciuto di Tamsweg			alpinista sconosciuto di Tamsweg					Wikipedia
item_511	Prima ascensione: Hochkalter	Hochkalter	FALSE				Prima ascensione			1830	1830	proto-alpinism	Friedrich Johann Joseph Cölestin von Schwarzenberg			Friedrich Johann Joseph Cölestin von Schwarzenberg					Wikipedia
item_512	Prima ascensione: Hohberghorn	Hohberghorn	FALSE		Silver age of alpinism		Prima ascensione			01/08/1869	1869	silver age	R. B. Heathcote, Franz Biner, Peter Perren, Peter Taugwalder senior			R. B. Heathcote, Franz Biner, Peter Perren, Peter Taugwalder senior					Wikipedia
item_513	Prima ascensione: Jungfrau	Jungfrau	FALSE				Prima ascensione			03/08/1811	1811	proto-alpinism	Hieronymus Meyer, Johann Rudolf Meyer	Alois Volken, Joseph Bortis		Hieronymus Meyer, Johann Rudolf Meyer, Alois Volken, Joseph Bortis					Wikipedia
item_514	Prima ascensione: L'Isolée	L'Isolée	FALSE				Prima ascensione			08/07/1925	1925	post	Armand Charlet, A. Ravanel			Armand Charlet, A. Ravanel					Wikipedia
item_515	Prima ascensione: Loreakopf	Loreakopf	FALSE				Prima ascensione			1883	1883	post	Spiehler, Sprenger			Spiehler, Sprenger					Wikipedia
item_516	Prima ascensione: Meije	Meije	FALSE		Silver age of alpinism		Prima ascensione			16/08/1877	1877	silver age	Emmanuel Boileau de Castelnau, Pierre Gasparde (figlio)			Emmanuel Boileau de Castelnau, Pierre Gasparde (figlio)					Wikipedia, Wikipedia Table
item_517	Prima ascensione: Monte Besso	Monte Besso	FALSE		Golden age of alpinism		Prima ascensione			1862	1862	golden age	J. B. Epinay, J. Vianin			J. B. Epinay, J. Vianin					Wikipedia
item_518	Prima ascensione: Monte Bianco di Courmayeur	Monte Bianco di Courmayeur	TRUE	Prima salita del Monte Bianco. Prima ascesa di Jacques Balmat e Michel-Gabriel Paccard, considerata l'inizio dell'alpinismo moderno.			Prima ascensione			18/08/1822	1822	proto-alpinism	Frederick Clissold, Joseph-Marie Couttet, altri			Frederick Clissold, Joseph-Marie Couttet, altri					Wikipedia
item_519	Prima ascensione: Monte Cancervo	Monte Cancervo	FALSE				Prima ascensione			1940	1940	post	Fracassi-Colombo, Torrione del Cancervo			Fracassi-Colombo, Torrione del Cancervo					Wikipedia
item_520	Prima ascensione: Monte Cavallo (Prealpi Bellunesi)	Monte Cavallo (Prealpi Bellunesi)	FALSE				Prima ascensione			01/07/1726	1726	proto-alpinism	Giovanni Girolamo Zanichelli, Dimenico Pietro Stefanelli			Giovanni Girolamo Zanichelli, Dimenico Pietro Stefanelli				Favret Andrea, Leggende: la prima scalata al Monte Cavallo	Wikipedia
item_521	Prima ascensione: Monte Civetta	Monte Civetta	FALSE		Golden age of alpinism, Prime Ascensioni sulle Dolomiti		Prima ascensione			tra il1855e il1860	1860	golden age	Simeone De Silvestro, altri			Simeone De Silvestro, altri					Wikipedia, Wikipedia Table
item_522	Prima ascensione: Monte Collalto	Monte Collalto	FALSE		Golden age of alpinism		Prima ascensione			1854	1854	golden age	Hermann van Acken, assistenti misuratori			Hermann van Acken, assistenti misuratori					Wikipedia
item_523	Prima ascensione: Monte Collon	Monte Collon	FALSE		Silver age of alpinism		Prima ascensione			31/07/1867	1867	silver age	G.E. Foster	Hans Baumann, Johann Kronig		G.E. Foster, Hans Baumann, Johann Kronig					Wikipedia
item_524	Prima ascensione: Monte Gelàs	Monte Gelàs	FALSE		Golden age of alpinism		Prima ascensione			1864	1864	golden age	Paolo di Saint-Robert			Paolo di Saint-Robert					Wikipedia
item_525	Prima ascensione: Monte Leone	Monte Leone	FALSE		Golden age of alpinism		Prima ascensione			01/07/1859	1859	golden age	anonimi ufficiali svizzeri			anonimi ufficiali svizzeri					Wikipedia
item_526	Prima ascensione: Monte Losetta	Monte Losetta	FALSE		Silver age of alpinism		Prima ascensione			25/09/1877	1877	silver age	Paul Guillemin, Salvador de Quatrefages	Emile Pic, J. Chappey		Paul Guillemin, Salvador de Quatrefages, Emile Pic, J. Chappey					Wikipedia
item_527	Prima ascensione: Monte Maudit	Monte Maudit	FALSE				Prima ascensione			12/09/1878	1878	silver age	Henry Seymour Hoare, William Edward Davidson	Johann Jaun, Johann von Bergen		Henry Seymour Hoare, William Edward Davidson, Johann Jaun, Johann von Bergen					Wikipedia
item_528	Prima ascensione: Monte Néry	Monte Néry	FALSE		Silver age of alpinism		Prima ascensione			02/10/1873	1873	silver age	Amé Gorret, Jean-Baptiste Bertolin, Jean Ronco			Amé Gorret, Jean-Baptiste Bertolin, Jean Ronco					Wikipedia
item_529	Prima ascensione: Monte Nevoso (Alto Adige)	Monte Nevoso (Alto Adige)	FALSE		Silver age of alpinism		Prima ascensione			06/10/1866	1866	silver age	Rainer von Österreich, Graf Heinrich Wurmbrand, Bergführer Georg Auer, Johann Oberarzbacher aus Rein e Georg Weiss, Gastwirt			Rainer von Österreich, Graf Heinrich Wurmbrand, Bergführer Georg Auer, Johann Oberarzbacher aus Rein e Georg Weiss, Gastwirt					Wikipedia
item_530	Prima ascensione: Monte Pelvoux	Monte Pelvoux	FALSE				Prima ascensione			30/07/1828	1828	proto-alpinism	Captain Durand, Alexis Liotard, Jacques-Etienne Matheoud			Captain Durand, Alexis Liotard, Jacques-Etienne Matheoud					Wikipedia, Wikipedia Table
item_531	Prima ascensione: Monte Secco	Monte Secco	FALSE				Prima ascensione			1931	1931	post	G.B. Cortinovis, E. Corio			G.B. Cortinovis, E. Corio					Wikipedia
item_532	Prima ascensione: Monte Terza Media	Monte Terza Media	FALSE				Prima ascensione			11/09/1889	1889	post	Karl Diener, A. Holzhevsen			Karl Diener, A. Holzhevsen					Wikipedia
item_533	Prima ascensione: Monte Tricorno	Monte Tricorno	FALSE				Prima ascensione			26/08/1778	1778	proto-alpinism	Luka Korošec, Matija Kos, Štefan Rožič, Lovrenc Willomitzer			Luka Korošec, Matija Kos, Štefan Rožič, Lovrenc Willomitzer					Wikipedia
item_534	Prima ascensione: Piccolo Paradiso	Piccolo Paradiso	FALSE		Silver age of alpinism		Prima ascensione			03/08/1869	1869	silver age	Pierre-Joseph Frassy (di Valgrisenche)	Élysée Jeantet		Pierre-Joseph Frassy (di Valgrisenche), Élysée Jeantet				[1]	Wikipedia
item_535	Prima ascensione: Pierra Menta	Pierra Menta	FALSE				Prima ascensione			1922	1922	post	L. Zwingelstein e Loustalot			L. Zwingelstein e Loustalot					Wikipedia
item_536	Prima ascensione: Piz Morteratsch	Piz Morteratsch	FALSE		Golden age of alpinism		Prima ascensione			11/09/1858	1858	golden age	C. Brügger, P. Gensler	Karl Emmermann, Angelo Klaingutti		C. Brügger, P. Gensler, Karl Emmermann, Angelo Klaingutti					Wikipedia
item_537	Ipotesi sulla prima ascensione: Piz Palü	Piz Palü	FALSE				Ipotesi sulla prima ascensione	Competing Hypothesis		12 Aug 1835	1835	proto-alpinism	Johann Madutz, Gian Marchet Colani [de], Peter and M. Flury and Oswald Heer			Johann Madutz, Gian Marchet Colani [de], Peter and M. Flury and Oswald Heer				Studer, Vol 3, pp. 146-8	Wikipedia Table
item_538	Ipotesi sulla prima ascensione: Piz Palü	Piz Palü	FALSE		Silver age of alpinism		Ipotesi sulla prima ascensione	Competing Hypothesis		1866	1866	silver age	K. E. Digby, Peter Jenny e un portatore			K. E. Digby, Peter Jenny e un portatore					Wikipedia
item_539	Prima ascensione: Pizzo Redorta	Pizzo Redorta	FALSE				Prima ascensione			1830	1830	proto-alpinism	Un gruppo di cartografi austriaci			Un gruppo di cartografi austriaci					Wikipedia
item_540	Prima ascensione: Pizzo Zupò	Pizzo Zupò	FALSE		Golden age of alpinism		Prima ascensione			09/07/1863	1863	golden age	L. Enderlin, Otto Serardy, Badrutt			L. Enderlin, Otto Serardy, Badrutt				Michel Caviezel, Tourist's Guide to the Upper Engadine, 1875, p. 179 Studer, Vol 3, pp. 109-10	Wikipedia, Wikipedia Table
item_541	Prima ascensione: Punta Bianca della Grivola	Punta Bianca della Grivola	FALSE		Golden age of alpinism		Prima ascensione			21/09/1858	1858	golden age	Pierre-Balthazar Chamonin, Joseph-Antoine Jeantet			Pierre-Balthazar Chamonin, Joseph-Antoine Jeantet					Wikipedia
item_542	Prima ascensione: Punta Carmen du Tacul	Punta Carmen du Tacul	FALSE				Prima ascensione			13/08/1923	1923	post	H. Bregeault, Paul Chevalier, Jacques de Lépiney			H. Bregeault, Paul Chevalier, Jacques de Lépiney					Wikipedia
item_543	Prima ascensione: Punta di Charbonnel	Punta di Charbonnel	FALSE		Golden age of alpinism		Prima ascensione			17/07/1862	1862	golden age	Michel-Ange Foderé, Michel-Antoine Boniface detto Totogno, Jacques e Marcellin Personnaz			Michel-Ange Foderé, Michel-Antoine Boniface detto Totogno, Jacques e Marcellin Personnaz				[1]	Wikipedia
item_544	Ipotesi sulla prima ascensione: Punta Dunant	Punta Dunant	FALSE				Ipotesi sulla prima ascensione	Competing Hypothesis		12 Aug 1848	1848	proto-alpinism	Johann Madutz, Matthäus Zumtaugwald			Johann Madutz, Matthäus Zumtaugwald				Repeated on 22 Aug 1851 by Johann Zumtaugwald, Peter Taugwalder, Peter Inderbinen and Adolf and Hermann Schlagintweit. Wolfgang Pusch, Helmut Dumler, Willi P. Burkhardt, Viertausender der Alpen, Bergverlag Rother GmbH, 2013, p. 119  In 1891 W.A.B. Coolidge deduced that they had reached the 4,618 m Grenzgipfel, but he may have been in error. Studer, Vol 2, pp. 78-85	Wikipedia Table
item_545	Ipotesi sulla prima ascensione: Punta Dunant	Punta Dunant	FALSE		Golden age of alpinism		Ipotesi sulla prima ascensione	Competing Hypothesis		1854	1854	golden age	Christopher Smyth, James G. Smyth, E. Smyth			Christopher Smyth, James G. Smyth, E. Smyth					Wikipedia
item_546	Prima ascensione: Punta Giordani	Punta Giordani	FALSE				Prima ascensione	Undisputed		23/07/1801	1801	proto-alpinism	Pietro Giordani	altri		Pietro Giordani, altri				Descrizione del negativo fotografico: Francesco Ravelli di fronte al Monte Rosa[https://caisidoc.cai.it/risultati-della-ricerca/detail/view/mnmt:catalog:118363]	Wikipedia
item_547	Prima ascensione: Punta Roncia	Punta Roncia	FALSE				Prima ascensione			15/07/1784	1784	proto-alpinism	Robert de Lamanon, Bouvier			Robert de Lamanon, Bouvier					Wikipedia
item_548	Prima ascensione: Punte Patrì	Punte Patrì	FALSE		Silver age of alpinism		Prima ascensione			07/08/1881	1881	silver age	A. Sella, C. Sella, A. Sella, G. Sella	Jean-Joseph Maquignaz, Jean-Baptiste Bich		A. Sella, C. Sella, A. Sella, G. Sella, Jean-Joseph Maquignaz, Jean-Baptiste Bich					Wikipedia
item_549	Prima ascensione: Langkofel	Langkofel	FALSE		Silver age of alpinism		Prima ascensione			13/08/1869	1869	silver age	Peter Salcher, Franz Innerkofler, Paul Grohmann			Peter Salcher, Franz Innerkofler, Paul Grohmann	Grohmann, Paul <1838-1908> - Ascensioni alpinistiche - Dolomiti - Sec. 19. Wanderungen in den Dolomiten[https://caisidoc.cai.it/risultati-della-ricerca/detail/view/mnmt:catalog:12002]|Grohmann, Paul <1838-1908> - La scoperta delle Dolomiti 1862[https://caisidoc.cai.it/risultati-della-ricerca/detail/view/mnmt:catalog:10882]|Sposito, Livio. Paul Grohmann : guida biografica alle sue vie[https://caisidoc.cai.it/risultati-della-ricerca/detail/view/mnmt:catalog:127829]|[Ritratto di] Paul Grohmann[https://caisidoc.cai.it/risultati-della-ricerca/detail/view/mnmt:catalog:110671]				Wikipedia, Wikipedia Table
item_550	Prima ascensione: Calanda	Calanda	FALSE				Prima ascensione			1559	1559	proto-alpinism	J. Schmid, Z. Beeli, J. Pontisella, and others			J. Schmid, Z. Beeli, J. Pontisella, and others				German and Austrian Alpine Club, Die Erschliessung der Ostalpen Volumes 1, 2, and 3, Berlin, 1894. --> Erschliessung 2, 380, 423	Wikipedia Table
item_551	Prima ascensione: Serles	Serles	FALSE				Prima ascensione			1579	1579	proto-alpinism	Hans Georg Ernstinger			Hans Georg Ernstinger					Wikipedia Table
item_552	Prima ascensione: Westliche Karwendelspitze	Westliche Karwendelspitze	FALSE				Prima ascensione			1654	1654	proto-alpinism	Christian Mentzel			Christian Mentzel					Wikipedia Table
item_553	Prima ascensione: Säntis	Säntis	FALSE				Prima ascensione			14 Dec 1680	1680	proto-alpinism	Two priests, a naturalist and a guide			Two priests, a naturalist and a guide					Wikipedia Table
item_554	Prima ascensione: Piz Beverin	Piz Beverin	FALSE				Prima ascensione			1707	1707	proto-alpinism	Rudolf von Rosenroll			Rudolf von Rosenroll					Wikipedia Table
item_555	Prima ascensione: Grintovec	Grintovec	FALSE				Prima ascensione			1759	1759	proto-alpinism	Giovanni Antonio Scopoli			Giovanni Antonio Scopoli					Wikipedia Table
item_556	Prima ascensione: Mont Buet	Mont Buet	FALSE				Prima ascensione			20 Sep 1770	1770	proto-alpinism	Jean-André Deluc, Guillaume-Antoine Deluc, Bernard Pomet 			Jean-André Deluc, Guillaume-Antoine Deluc, Bernard Pomet 				Francis Gribble, The story of Alpine Climbing, London, 1904, pp. 41-9	Wikipedia, Wikipedia Table
item_557	Prima ascensione: Triglav	Triglav	FALSE				Prima ascensione			26 Aug 1778	1778	proto-alpinism	Lovrenc Willomitzer, Luka Korošec, Matevž Kos, Štefan Rožič			Lovrenc Willomitzer, Luka Korošec, Matevž Kos, Štefan Rožič					Wikipedia Table
item_558	Prima ascensione: Sulzfluh	Sulzfluh	FALSE				Prima ascensione			1782	1782	proto-alpinism	J. B. Catani and L. Pool			J. B. Catani and L. Pool					Wikipedia Table
item_559	Prima ascensione: Scopi	Scopi	FALSE				Prima ascensione			1782	1782	proto-alpinism	Placidus a Spescha, Joh. Bagliel			Placidus a Spescha, Joh. Bagliel					Wikipedia Table
item_560	Prima ascensione: Rheinwaldhorn	Rheinwaldhorn	FALSE				Prima ascensione			Jul 1789	1789	proto-alpinism	Placidus a Spesch			Placidus a Spesch				Studer, Vol 3, pp. 50-2	Wikipedia Table
item_561	Prima ascensione: Oberalpstock	Oberalpstock	FALSE				Prima ascensione			1792	1792	proto-alpinism	Josef Senoner, Placidus a Spescha			Josef Senoner, Placidus a Spescha					Wikipedia Table
item_562	Prima ascensione: Klein Matterhorn	Klein Matterhorn	FALSE				Prima ascensione			13 Aug 1792	1792	proto-alpinism	Horace-Bénédict de Saussure, Nicolas-Théodore de Saussure, Jean-Marie Couttet, Jean-Baptiste Hérin, five other guides			Horace-Bénédict de Saussure, Nicolas-Théodore de Saussure, Jean-Marie Couttet, Jean-Baptiste Hérin, five other guides				Studer, Vol 2, pp. 53-4	Wikipedia Table
item_563	Prima ascensione: Großes Wiesbachhorn	Großes Wiesbachhorn	FALSE				Prima ascensione		ca. 1795	1795	1795	proto-alpinism	Three brothers named Zorner			Three brothers named Zorner				Erschliessung 3, 208-9	Wikipedia Table
item_564	Prima ascensione: Kleinglockner	Kleinglockner	FALSE				Prima ascensione			25 Aug 1799	1799	proto-alpinism	Four guides from Heiligenblut (including "the Glokners", often nicknamed Martin and Sepp "Klotz"), Sigmund von Hohenwart			Four guides from Heiligenblut (including "the Glokners", often nicknamed Martin and Sepp "Klotz"), Sigmund von Hohenwart				Erschliessung 3, 168-70 Klemun, pp. 153-5	Wikipedia Table
item_565	Prima ascensione: Ortler	Ortler	FALSE				Prima ascensione			27 Sep 1804	1804	proto-alpinism	Josef Pichler, Johann Leitner, Johann Klausner			Josef Pichler, Johann Leitner, Johann Klausner					
item_566	Prima ascensione: Torstein	Torstein	FALSE				Prima ascensione					proto-alpinism									
item_567	Prima ascensione: Zumsteinspitze	Zumsteinspitze	FALSE				Prima ascensione					proto-alpinism									
item_568	Prima ascensione: Schalfkogel	Schalfkogel	FALSE				Prima ascensione	Undisputed		1830	1830	proto-alpinism	Frédéric Mercey	guides from Meran and Pfelders		Frédéric Mercey, guides from Meran and Pfelders				Erschliessung 2, 352-4.	Wikipedia, Wikipedia Table
item_569	Prima ascensione: Fernerkogel	Fernerkogel	FALSE				Prima ascensione					proto-alpinism									
item_570	Prima ascensione: Habicht	Habicht	FALSE				Prima ascensione					proto-alpinism									
item_571	Prima ascensione: Großer Löffler	Großer Löffler	FALSE				Prima ascensione	Undisputed		12 Sept 1843	1843	proto-alpinism	Markus Vincent Lipold, chamois hunter from Mayrhofen			Markus Vincent Lipold, chamois hunter from Mayrhofen				Erschliessung 3, 66	Wikipedia (DE), Wikipedia Table
item_572	Ipotesi sulla prima ascensione: Weißkugel	Weißkugel	FALSE		Golden age of alpinism		Ipotesi sulla prima ascensione	Concurrent Hypotesis		30 Sep 1861	1861	golden age	Joseph Anton Specht, Leander Klotz, Johann Raffeiner			Joseph Anton Specht, Leander Klotz, Johann Raffeiner					Wikipedia (DE)
item_573	Ipotesi sulla prima ascensione: Weißkugel	Weißkugel	FALSE		Golden age of alpinism		Ipotesi sulla prima ascensione	Concurrent Hypotesis		30 Sep 1861	1861	golden age	Joseph Anton Specht, Leander Klotz, Nicodem Klotz			Joseph Anton Specht, Leander Klotz, Nicodem Klotz					Wikipedia (DE), Wikipedia (FR)
item_574	Ipotesi sulla prima ascensione: Weißkugel	Weißkugel	FALSE				Ipotesi sulla prima ascensione	Concurrent Hypotesis		Aug 1845	1845	proto-alpinism	Johann Gurschler, Josef Weitthalm			Johann Gurschler, Josef Weitthalm				Hanspaul Menara, Hannsjörg Hager, Berge und Bergsteiger: Alpingeschichte Südtirols, Verlagsanstalt Athesia, 1994, pp. 55-57.	Wikipedia (EN), Wikipedia Table
item_575	Ipotesi sulla prima ascensione: Weißkugel	Weißkugel	FALSE				Ipotesi sulla prima ascensione	Concurrent Hypotesis		1850	1850	proto-alpinism	Joseph Anton Specht, Leander Klotz, Nicodem Klotz			Joseph Anton Specht, Leander Klotz, Nicodem Klotz					Wikipedia (IT)
item_576	Prima ascensione: Schrammacher	Schrammacher	FALSE				Prima ascensione	Undisputed		19 August 1847	1847	proto-alpinism	Peter Carl Thurwieser, Georg Lechner, Jakob Huber			Peter Carl Thurwieser, Georg Lechner, Jakob Huber					
item_577	Ipotesi sulla prima ascensione: Zuckerhütl	Zuckerhütl	FALSE		Golden age of alpinism		Ipotesi sulla prima ascensione	Concurrent Hypotesis		1863	1863	golden age	Joseph Anton Specht, Alois Tanzer			Joseph Anton Specht, Alois Tanzer					Wikipedia (DE), Wikipedia (IT), Wikipedia (FR)
item_578	Ipotesi sulla prima ascensione: Zuckerhütl	Zuckerhütl	FALSE		Golden age of alpinism		Ipotesi sulla prima ascensione	Concurrent Hypotesis		1862	1862	golden age	Joseph Anton Specht, Alois Tanzer			Joseph Anton Specht, Alois Tanzer				Erschliessung 2, 25	Wikipedia Table
item_579	Prima ascensione: Wannenhorn	Wannenhorn	FALSE		Golden age of alpinism		Prima ascensione	Undisputed		6 August 1864	1864	golden age	Gottlieb Samuel Studer, Rudolf Lindt, Kaspar Blatter, Peter Sulzer			Gottlieb Samuel Studer, Rudolf Lindt, Kaspar Blatter, Peter Sulzer				Studer, Vol 1, pp. 224-9	Wikipedia (DE), Wikipedia (ENG), Wikipedia (FR)
item_580	Prima ascensione: Cima Ovest (Tre Cime di Lavaredo)	Cima Ovest (Tre Cime di Lavaredo)	FALSE		Silver age of alpinism		Prima ascensione			21 August 1879	1879	silver age	Michl Innerkofler, G. Ploner			Michl Innerkofler, G. Ploner	Michl : Michl Innerkofler und Sextner Bergfuhrer : rifugi montagne guide alpine di Sesto / a cura di Bepi Pellegrinon ; testi di Camillo Berti, Rudolf Holzer, Bepi Pellegrinon ; con la collaborazione di Herbert Summerer e Kurt Stauder[https://caisidoc.cai.it/risultati-della-ricerca/detail/view/mnmt:catalog:40218]|Michel Innerkofler : guida alpina di Sesto / C. Berti[https://caisidoc.cai.it/risultati-della-ricerca/detail/view/mnmt:catalog:114913]				Wikipedia Article (https://en.wikipedia.org/wiki/Tre_Cime_di_Lavaredo)
item_581	Prima ascensione: Cima Piccola (Tre Cime di Lavaredo)	Cima Piccola (Tre Cime di Lavaredo)	FALSE		Silver age of alpinism		Prima ascensione			25 July 1881	1881	silver age	Michl Innerkofler, Hans Innerkofler			Michl Innerkofler, Hans Innerkofler	Michl : Michl Innerkofler und Sextner Bergfuhrer : rifugi montagne guide alpine di Sesto / a cura di Bepi Pellegrinon ; testi di Camillo Berti, Rudolf Holzer, Bepi Pellegrinon ; con la collaborazione di Herbert Summerer e Kurt Stauder[https://caisidoc.cai.it/risultati-della-ricerca/detail/view/mnmt:catalog:40218]|Michel Innerkofler : guida alpina di Sesto / C. Berti[https://caisidoc.cai.it/risultati-della-ricerca/detail/view/mnmt:catalog:114913]				Wikipedia Article (https://en.wikipedia.org/wiki/Tre_Cime_di_Lavaredo)
item_582	Prima ascensione: Watzespitze	Watzespitze	FALSE		Silver age of alpinism		Prima ascensione			29 Sep 1869	1869	silver age	Alois Ennemoser			Alois Ennemoser				Erschliessung 2, 307	Wikipedia (DE), Wikipedia (ENG), Wikipedia (FR), Wikipedia Table
item_583	Prima ascensione: Petit Dru	Petit Dru	FALSE				Prima ascensione			12 September 1878	1878	silver age	Clinton Thomas Dent, James Walker Hartley	Alexander Burgener, Kaspar Maurer		Clinton Thomas Dent, James Walker Hartley, Alexander Burgener, Kaspar Maurer					Wikipedia (ENG), Wikipedia (FR), Wikipedia (IT), Wikipedia (DE), Wikipedia Table
item_584	Prima ascensione: Torre Delago (Torri del Vajolet)	Torre Delago (Torri del Vajolet)	FALSE				Prima ascensione			22 September 1895	1895	post	Hermann Delago			Hermann Delago				Vajolet Towers at summitpost.org	Wikipedia (FR), Wikipedia Table
item_585	Prima ascensione: Stockhorn	Stockhorn	FALSE				Prima ascensione			1536	1536	proto-alpinism	Johann Müller, Peter Kunz (from Bern), others			Johann Müller, Peter Kunz (from Bern), others					Wikipedia Table
item_456b	Ipotesi scartata sulla prima ascensione: Grivola	Grivola	FALSE				Ipotesi scartata sulla prima ascensione	Discarded	Per molto tempo la prima salita alla Grivola venne attribuita all’alpinista F. T. Wethered che ci salì sono nel 1876. Il povero Dayné dovette aspettare parecchi decenni prima che il revisionismo storiografico gli rendesse giustizia.	1876	1876	silver age	 F. T. Wethered 			 F. T. Wethered 				https://www.montagna.tv/242355/quando-un-valdostano-beffo-gli-alpinisti-britannici-165-anni-fa-la-conquista-della-grivola/	
item_457	Prima ascensione: Roccia della Scoperta	Roccia della Scoperta					Prima ascensione		1778 - Gli alpinisti di Gressoney-Saint-Jean, Valentino e Joseph Beck, Joseph Zumstein, Nicolas Vincent, Sebastian Linty, Étienne Lisco e François Castel raggiungono la Roccia della Scoperta[9]	1778	1778	proto-alpinism	Valentino Beck, Joseph Beck, Joseph Zumstein, Nicolas Vincent, Sebastian Linty, Étienne Lisco,  François Castel			Valentino Beck, Joseph Beck, Joseph Zumstein, Nicolas Vincent, Sebastian Linty, Étienne Lisco,  François Castel				"Descrizione del negativo fotografico: Francesco Ravelli di fronte al Monte Rosa[https://caisidoc.cai.it/risultati-della-ricerca/detail/view/mnmt:catalog:118363]"	
item_6b	Prima ascensione presunta, Ipotesi scartata sulla prima ascensione: Croda Rossa d'Ampezzo	Croda Rossa d'Ampezzo	FALSE		Silver age of alpinism, Prime Ascensioni sulle Dolomiti		Prima ascensione presunta, Ipotesi scartata sulla prima ascensione		Difficilmente verificabile è invece la presunta conquista della vetta nel lontano 1794 da parte del barone Franz von Wulfen, più di 70 anni prima della prima ascesa documentata.	1794	1794	proto-alpinism	Franz von Wulfen			Franz von Wulfen					Articolo Wikipedia[https://it.wikipedia.org/wiki/Croda_Rossa_d%27Ampezzo]
item_7	Ipotesi meno accreditata sulla prima ascensione: Gran Zebrù	Gran Zebrù	FALSE		Golden age of alpinism		Ipotesi meno accreditata sulla prima ascensione		La prima ascensione del Gran Zebrù è controversa. Nel 1854, sei anni prima della spedizione di Tuckett, comparve su un giornale cattolico un articolo intitolato Über das Stilfser Joch auf den Zebru oder die Königsspitze (dallo Stelvio al Gran Zebrù), firmato con lo pseudonimo "Traunius". L'autore, in realtà il seminarista bavarese Stephan Steinberger, raccontava di aver raggiunto la vetta da solo e senza attrezzatura. Tuttavia, gli alpinisti esperti dell'epoca contestarono il racconto, ritenendo che avesse confuso il Gran Zebrù con un'altra cima, data l'imprecisione delle denominazioni e l'impossibilità di scalare il versante sud senza equipaggiamento. Per questo la spedizione di Tuckett del 1860 rimane ufficialmente la prima ascensione storicamente accertata.	1854	1854	golden age	Stephan Steinberger			Stephan Steinberger					Articolo Wikipedia[https://it.wikipedia.org/wiki/Gran_Zebr%C3%B9]
												proto-alpinism									
												proto-alpinism									
												proto-alpinism									
												proto-alpinism									
												proto-alpinism									